images/svg/textures/block/lime_stained_glass.svg,黄緑色の色付きガラス,127,204,25,43,224,204
images/svg/textures/block/green_stained_glass.svg,緑色の色付きガラス,102,127,51,40,153,127
images/svg/textures/block/weathered_cut_copper.svg,錆びた切り込み入りの銅,109,145,108,55,88,146
images/svg/textures/block/azalea_leaves.svg,ツツジの葉,69,88,34,32,118,88
images/svg/textures/block/destroy_stage_8.svg,,178,178,178,0,0,178
images/svg/textures/block/magenta_concrete.svg,赤紫色のコンクリート,169,48,159,152,182,169
images/svg/textures/block/sculk_shrieker_inner_top.svg,,30,54,55,94,149,59
images/svg/textures/block/stripped_spruce_log.svg,樹皮を剥いだトウヒの原木,116,90,52,18,139,116
images/svg/textures/block/green_stained_glass_pane_top.svg,,12,15,6,5,19,15
images/svg/textures/block/potatoes_stage2.svg,,15,23,8,8,29,24
images/svg/textures/block/sculk_sensor_side.svg,,5,20,24,50,86,24
images/svg/textures/block/oxidized_cut_copper.svg,酸化した切り込み入りの銅,80,154,126,79,123,154
images/svg/textures/block/iron_bars.svg,鉄格子,62,63,61,11,3,63
images/svg/textures/block/rail_corner.svg,,55,49,38,10,36,55
images/svg/textures/block/oak_sapling.svg,オークの苗木,34,46,18,16,74,52
images/svg/textures/block/hanging_roots.svg,垂れ根,47,34,27,3,33,47
images/svg/textures/block/crimson_roots.svg,真紅の根,45,3,15,61,85,45
images/svg/textures/block/amethyst_cluster.svg,アメジストの塊,90,69,113,72,59,115
images/svg/textures/block/brown_terracotta.svg,茶色のテラコッタ,77,51,36,11,137,77
images/svg/textures/block/warped_door_top.svg,,45,127,121,88,162,128
images/svg/textures/block/lightning_rod.svg,避雷針,31,17,13,1,23,31
images/svg/textures/block/crafting_table_top.svg,,120,73,42,13,163,120
images/svg/textures/block/purple_glazed_terracotta.svg,紫色の彩釉テラコッタ,110,48,152,133,154,152
images/svg/textures/block/oxeye_daisy.svg,フランスギク,49,62,39,16,44,65
images/svg/textures/block/chorus_flower_dead.svg,,97,61,95,144,107,97
images/svg/textures/block/chiseled_quartz_block.svg,模様入りのクォーツブロック,232,227,218,18,15,232
images/svg/textures/block/cake_top.svg,,190,170,164,84,31,190
images/svg/textures/block/blue_concrete.svg,青色のコンクリート,45,47,143,119,176,143
images/svg/textures/block/crying_obsidian.svg,泣く黒曜石,33,10,60,129,196,60
images/svg/textures/block/warped_nylium.svg,歪んだナイリウム,43,114,101,82,156,117
images/svg/textures/block/bee_nest_top.svg,,202,160,75,19,162,202
images/svg/textures/block/warped_roots_pot.svg,,6,38,34,24,60,39
images/svg/textures/block/warped_stem_top.svg,,53,110,110,99,148,117
images/svg/textures/block/fletching_table_top.svg,,197,180,133,20,84,197
images/svg/textures/block/sculk_catalyst_top_bloom.svg,,16,45,51,100,145,51
images/svg/textures/block/melon_top.svg,,111,145,31,40,200,145
images/svg/textures/block/smooth_stone.svg,滑らかな石,159,159,159,0,0,159
images/svg/textures/block/warped_stem.svg,歪んだ幹,58,59,78,135,149,89
images/svg/textures/block/pumpkin_top.svg,,198,119,24,16,224,198
images/svg/textures/block/red_sandstone_top.svg,,181,98,31,13,211,181
images/svg/textures/block/dirt_path_top.svg,,148,122,65,20,143,148
images/svg/textures/block/pink_stained_glass.svg,桃色の色付きガラス,242,127,165,170,121,242
images/svg/textures/block/dripstone_block.svg,鍾乳石ブロック,134,108,93,10,80,134
images/svg/textures/block/flowering_azalea_side.svg,,67,68,44,37,90,80
images/svg/textures/block/polished_basalt_side.svg,,89,88,92,54,15,92
images/svg/textures/block/cake_side.svg,,89,66,53,21,53,89
images/svg/textures/block/birch_trapdoor.svg,シラカバのトラップドア,207,194,157,22,67,207
images/svg/textures/block/pointed_dripstone_down_frustum.svg,,84,67,58,6,51,84
images/svg/textures/block/observer_side.svg,,70,69,69,0,5,70
images/svg/textures/block/horn_coral_block.svg,シカツノサンゴブロック,216,200,66,27,177,216
images/svg/textures/block/chain_command_block_side.svg,,131,161,147,87,60,166
images/svg/textures/block/crimson_planks.svg,真紅の板材,101,49,71,167,131,101
images/svg/textures/block/potatoes_stage3.svg,,27,43,15,15,53,45
images/svg/textures/block/deepslate_copper_ore.svg,深層銅鉱石,92,93,89,42,32,100
images/svg/textures/block/cyan_concrete.svg,青緑色のコンクリート,21,119,136,94,215,136
images/svg/textures/block/fletching_table_side.svg,,192,167,130,30,92,192
images/svg/textures/block/destroy_stage_9.svg,,168,168,168,0,0,168
images/svg/textures/block/smooth_stone_slab_side.svg,,168,168,168,0,0,168
images/svg/textures/block/sandstone.svg,砂岩,216,203,156,24,72,216
images/svg/textures/block/reinforced_deepslate_top.svg,,80,83,79,32,11,84
images/svg/textures/block/brown_concrete_powder.svg,茶色のコンクリートパウダー,126,85,54,13,146,126
images/svg/textures/block/magenta_candle.svg,赤紫色のろうそく,247,238,247,12,15,247
images/svg/textures/block/potatoes_stage1.svg,,7,13,4,5,17,14
images/svg/textures/block/campfire_fire.svg,,107,77,28,10,95,107
images/svg/textures/block/dead_tube_coral_block.svg,死んだクダサンゴブロック,130,123,120,10,21,130
images/svg/textures/block/structure_block_corner.svg,,68,58,70,91,37,70
images/svg/textures/block/lectern_front.svg,,130,101,56,19,153,132
images/svg/textures/block/light_gray_concrete_powder.svg,薄灰色のコンクリートパウダー,155,155,148,30,11,155
images/svg/textures/block/magenta_stained_glass_pane_top.svg,,21,9,26,18,21,26
images/svg/textures/block/stripped_mangrove_log.svg,樹皮を剥いだマングローブの原木,120,54,48,3,153,120
images/svg/textures/block/loom_front.svg,,148,119,82,16,116,148
images/svg/textures/block/netherite_block.svg,ネザライトブロック,67,61,64,138,21,67
images/svg/textures/block/fire_coral.svg,ミレポラサンゴ,71,16,20,64,85,71
images/svg/textures/block/light_gray_candle.svg,薄灰色のろうそく,244,244,243,3,2,244
images/svg/textures/block/blast_furnace_front.svg,,108,108,107,25,4,108
images/svg/textures/block/cracked_polished_blackstone_bricks.svg,ひび割れたブラックストーンレンガ,44,38,44,128,65,48
images/svg/textures/block/stripped_acacia_log_top.svg,,166,91,52,10,175,166
images/svg/textures/block/pumpkin_side.svg,,196,115,24,16,225,196
images/svg/textures/block/fern.svg,シダ,179,179,179,33,2,179
images/svg/textures/block/mycelium_side.svg,,114,88,72,62,96,114
images/svg/textures/block/bedrock.svg,岩盤,85,85,85,0,0,85
images/svg/textures/block/lilac_top.svg,,45,37,43,36,38,53
images/svg/textures/block/cornflower.svg,ヤグルマギク,231,237,240,12,20,245
images/svg/textures/block/lime_glazed_terracotta.svg,黄緑色の彩釉テラコッタ,163,198,55,37,192,212
images/svg/textures/block/quartz_pillar_top.svg,,235,230,223,16,13,235
images/svg/textures/block/water_overlay.svg,,165,165,165,0,0,165
images/svg/textures/block/light_gray_candle_lit.svg,,12,12,10,3,3,13
images/svg/textures/block/structure_block_load.svg,,69,58,71,94,40,71
images/svg/textures/block/brown_mushroom.svg,茶色のキノコ,20,16,12,2,13,20
images/svg/textures/block/potatoes_stage0.svg,,3,8,2,3,10,8
images/svg/textures/block/stripped_warped_stem.svg,表皮を剥いだ歪んだ幹,58,151,148,89,158,151
images/svg/textures/block/barrel_top_open.svg,,93,68,34,17,171,93
images/svg/textures/block/pointed_dripstone_up_tip_merge.svg,,47,38,32,4,27,47
images/svg/textures/block/tall_grass_bottom.svg,,94,94,94,78,3,95
images/svg/textures/block/stripped_birch_log.svg,樹皮を剥いだシラカバの原木,197,176,118,22,102,197
images/svg/textures/block/respawn_anchor_side4.svg,,50,32,68,125,149,73
images/svg/textures/block/redstone_dust_dot.svg,,27,27,27,0,0,27
images/svg/textures/block/white_wool.svg,白色の羊毛,234,236,237,78,3,237
images/svg/textures/block/acacia_leaves.svg,アカシアの葉,86,86,86,0,1,86
images/svg/textures/block/green_terracotta.svg,緑色のテラコッタ,76,83,42,35,125,83
images/svg/textures/block/repeating_command_block_side.svg,,129,110,171,127,92,174
images/svg/textures/block/respawn_anchor_side0.svg,,40,24,63,130,152,63
images/svg/textures/block/jungle_log.svg,ジャングルの原木,85,68,25,21,180,85
images/svg/textures/block/ochre_froglight_top.svg,,251,245,206,29,46,251
images/svg/textures/block/magenta_concrete_powder.svg,赤紫色のコンクリートパウダー,193,84,185,152,144,193
images/svg/textures/block/clay.svg,粘土,161,166,179,111,27,179
images/svg/textures/block/dead_brain_coral_fan.svg,死んだノウウチワサンゴ,182,177,175,6,13,182
images/svg/textures/block/light_blue_stained_glass_pane_top.svg,,12,18,26,13,17,26
images/svg/textures/block/frosted_ice_0.svg,,140,181,253,109,113,253
images/svg/textures/block/small_dripleaf_top.svg,,24,30,11,10,38,30
images/svg/textures/block/soul_campfire_fire.svg,,39,100,102,42,82,102
images/svg/textures/block/big_dripleaf_tip.svg,,15,19,8,6,24,19
images/svg/textures/block/purple_shulker_box.svg,紫色のシュルカーボックス,103,32,156,137,203,156
images/svg/textures/block/cactus_side.svg,,79,116,40,39,151,116
images/svg/textures/block/lodestone_side.svg,,119,120,123,46,9,123
images/svg/textures/block/quartz_block_top.svg,,236,230,223,16,14,236
images/svg/textures/block/red_candle_lit.svg,,15,5,4,1,16,15
images/svg/textures/block/polished_andesite.svg,磨かれた安山岩,132,135,134,76,9,136
images/svg/textures/block/stonecutter_top.svg,,123,119,111,3,25,123
images/svg/textures/block/stripped_crimson_stem_top.svg,,122,56,83,168,136,122
images/svg/textures/block/enchanting_table_side.svg,,37,35,43,88,132,54
images/svg/textures/block/emerald_block.svg,エメラルドブロック,42,203,88,68,205,203
images/svg/textures/block/cocoa_stage1.svg,,51,38,19,6,56,51
images/svg/textures/block/pearlescent_froglight_top.svg,,246,240,240,22,8,246
images/svg/textures/block/mangrove_propagule.svg,マングローブの芽,12,23,11,7,18,23
images/svg/textures/block/dark_oak_trapdoor.svg,ダークオークのトラップドア,75,50,23,15,176,75
images/svg/textures/block/reinforced_deepslate_bottom.svg,,79,82,80,40,16,84
images/svg/textures/block/lily_pad.svg,スイレンの葉,78,78,78,0,0,78
images/svg/textures/block/cocoa_stage0.svg,,24,25,11,6,26,25
images/svg/textures/block/nether_portal.svg,ネザーポータル,87,11,191,133,242,191
images/svg/textures/block/dead_fire_coral_block.svg,死んだミレポラサンゴブロック,132,124,120,10,23,132
images/svg/textures/block/mangrove_log_top.svg,,103,49,42,84,152,103
images/svg/textures/block/glow_item_frame.svg,,148,103,64,13,131,148
images/svg/textures/block/obsidian.svg,黒曜石,15,11,25,127,182,25
images/svg/textures/block/oak_log.svg,オークの原木,109,85,51,18,136,109
images/svg/textures/block/acacia_planks.svg,アカシアの板材,168,90,50,10,179,168
images/svg/textures/block/daylight_detector_side.svg,,67,55,36,19,118,67
images/svg/textures/block/respawn_anchor_bottom.svg,,33,10,60,129,196,60
images/svg/textures/block/barrel_side.svg,,108,81,50,16,125,108
images/svg/textures/block/purpur_pillar_top.svg,,172,128,171,150,66,172
images/svg/textures/block/deepslate.svg,深層岩,80,80,83,45,10,83
images/svg/textures/block/mangrove_trapdoor.svg,マングローブのトラップドア,97,41,37,59,141,97
images/svg/textures/block/respawn_anchor_top_off.svg,,34,22,52,131,149,52
images/svg/textures/block/red_stained_glass_pane_top.svg,,18,6,6,0,21,18
images/svg/textures/block/item_frame.svg,,117,67,43,10,143,117
images/svg/textures/block/purple_concrete_powder.svg,紫色のコンクリートパウダー,132,56,178,139,175,178
images/svg/textures/block/dried_kelp_top.svg,,50,59,39,43,97,59
images/svg/textures/block/basalt_top.svg,,81,81,86,57,25,86
images/svg/textures/block/frosted_ice_1.svg,,140,181,253,109,114,253
images/svg/textures/block/bricks.svg,レンガ,151,98,83,6,115,151
images/svg/textures/block/grindstone_side.svg,,79,79,79,0,0,79
images/svg/textures/block/acacia_log_top.svg,,151,89,55,12,148,151
images/svg/textures/block/mangrove_door_bottom.svg,,112,48,46,96,155,112
images/svg/textures/block/respawn_anchor_side1.svg,,42,27,65,129,151,66
images/svg/textures/block/barrel_bottom.svg,,116,85,49,16,147,116
images/svg/textures/block/dirt.svg,土,134,96,67,13,128,134
images/svg/textures/block/raw_iron_block.svg,鉄の原石ブロック,166,136,107,14,95,166
images/svg/textures/block/respawn_anchor_side3.svg,,47,30,67,126,150,71
images/svg/textures/block/iron_door_bottom.svg,,196,195,195,0,1,196
images/svg/textures/block/jack_o_lantern.svg,ジャック・オ・ランタン,215,152,53,19,198,215
images/svg/textures/block/pointed_dripstone_up_frustum.svg,,84,67,58,6,51,84
images/svg/textures/block/furnace_front_on.svg,,121,113,94,3,29,121
images/svg/textures/block/black_candle.svg,黒色のろうそく,237,237,239,10,8,239
images/svg/textures/block/sculk_sensor_tendril_active.svg,,1,15,16,11,30,16
images/svg/textures/block/gray_concrete_powder.svg,灰色のコンクリートパウダー,77,81,85,105,24,85
images/svg/textures/block/orange_terracotta.svg,橙色のテラコッタ,162,84,38,11,196,162
images/svg/textures/block/frosted_ice_3.svg,,135,178,252,109,118,252
images/svg/textures/block/crimson_fungus.svg,真紅のキノコ,33,10,7,15,48,33
images/svg/textures/block/honey_block_bottom.svg,,241,146,18,17,237,241
images/svg/textures/block/blue_candle_lit.svg,,5,7,15,9,13,15
images/svg/textures/block/sunflower_back.svg,,11,26,7,11,37,26
images/svg/textures/block/fire_0.svg,,202,127,69,10,185,202
images/svg/textures/block/orange_stained_glass.svg,橙色の色付きガラス,216,127,51,14,195,216
images/svg/textures/block/moss_block.svg,苔ブロック,89,110,45,40,148,110
images/svg/textures/block/tnt_top.svg,,143,62,54,48,141,145
images/svg/textures/block/bamboo_large_leaves.svg,,78,125,27,45,197,125
images/svg/textures/block/honey_block_top.svg,,251,185,53,20,202,251
images/svg/textures/block/lily_of_the_valley.svg,スズラン,223,236,217,9,33,236
images/svg/textures/block/farmland.svg,耕地,143,103,71,13,129,143
images/svg/textures/block/kelp.svg,コンブ,16,26,8,9,33,26
images/svg/textures/block/quartz_pillar.svg,クォーツの柱,236,231,224,16,12,236
images/svg/textures/block/rose_bush_bottom.svg,,68,59,26,39,125,94
images/svg/textures/block/dandelion.svg,タンポポ,18,22,5,5,25,24
images/svg/textures/block/copper_ore.svg,銅鉱石,125,126,120,10,25,131
images/svg/textures/block/muddy_mangrove_roots_top.svg,,70,59,45,39,93,71
images/svg/textures/block/cocoa_stage2.svg,,89,53,23,8,113,89
images/svg/textures/block/white_candle.svg,白色のろうそく,251,252,252,6,1,252
images/svg/textures/block/sea_pickle.svg,シーピクルス,113,119,69,30,139,119
images/svg/textures/block/white_candle_lit.svg,,18,18,17,5,2,18
images/svg/textures/block/peony_bottom.svg,,48,56,52,47,68,67
images/svg/textures/block/jigsaw_top.svg,,80,70,81,87,32,81
images/svg/textures/block/potted_azalea_bush_plant.svg,,28,33,13,11,48,34
images/svg/textures/block/tube_coral_fan.svg,クダウチワサンゴ,16,28,64,35,60,64
images/svg/textures/block/command_block_back.svg,,174,131,107,45,107,176
images/svg/textures/block/tuff.svg,凝灰岩,108,109,103,49,21,110
images/svg/textures/block/furnace_side.svg,,121,120,120,0,2,121
images/svg/textures/block/dried_kelp_side.svg,,38,49,30,47,108,49
images/svg/textures/block/piston_side.svg,,110,105,97,3,22,110
images/svg/textures/block/smoker_front.svg,,88,75,58,17,82,88
images/svg/textures/block/verdant_froglight_top.svg,,229,244,228,59,18,244
images/svg/textures/block/fire_1.svg,,197,116,53,11,201,197
images/svg/textures/block/sculk_catalyst_top.svg,,15,32,38,102,136,38
images/svg/textures/block/furnace_top.svg,,110,110,110,0,2,110
images/svg/textures/block/lime_candle_lit.svg,,10,15,3,4,17,15
images/svg/textures/block/bamboo_small_leaves.svg,,121,148,93,31,133,148
images/svg/textures/block/redstone_ore.svg,レッドストーン鉱石,140,110,110,0,40,140
images/svg/textures/block/blast_furnace_side.svg,,108,107,108,28,3,108
images/svg/textures/block/cactus_top.svg,,66,97,33,34,130,97
images/svg/textures/block/frosted_ice_2.svg,,138,180,252,109,115,252
images/svg/textures/block/light_blue_wool.svg,空色の羊毛,58,175,217,98,187,217
images/svg/textures/block/yellow_candle_lit.svg,,18,15,6,2,14,18
images/svg/textures/block/wither_rose.svg,ウィザーローズ,7,8,4,5,22,9
images/svg/textures/block/observer_top.svg,,98,98,98,0,0,98
images/svg/textures/block/quartz_block_side.svg,,236,230,223,16,14,236
images/svg/textures/block/diorite.svg,閃緑岩,189,188,189,38,2,189
images/svg/textures/block/respawn_anchor_side2.svg,,45,28,66,128,150,68
images/svg/textures/block/ochre_froglight_side.svg,,245,233,182,27,68,246
images/svg/textures/block/tall_seagrass_top.svg,,113,137,99,15,69,137
images/svg/textures/block/warped_wart_block.svg,歪んだウォートブロック,23,120,121,91,207,125
images/svg/textures/block/pointed_dripstone_down_tip_merge.svg,,47,38,32,4,27,47
images/svg/textures/block/birch_log.svg,シラカバの原木,217,215,210,32,11,217
images/svg/textures/block/blast_furnace_front_on.svg,,116,111,105,25,14,116
images/svg/textures/block/mangrove_door_top.svg,,113,49,47,91,155,113
images/svg/textures/block/stripped_acacia_log.svg,樹皮を剥いだアカシアの原木,175,93,60,9,168,175
images/svg/textures/block/dark_oak_door_top.svg,,77,52,25,15,171,77
images/svg/textures/block/note_block.svg,音符ブロック,89,59,41,15,128,89
images/svg/textures/block/cyan_wool.svg,青緑色の羊毛,21,138,145,92,218,145
images/svg/textures/block/chiseled_polished_blackstone.svg,模様入りの磨かれたブラックストーン,54,49,57,121,56,59
images/svg/textures/block/carrots_stage3.svg,,35,53,16,21,77,60
images/svg/textures/block/chain.svg,鎖,11,13,16,24,18,16
images/svg/textures/block/orange_glazed_terracotta.svg,橙色の彩釉テラコッタ,155,147,92,47,216,213
images/svg/textures/block/lapis_ore.svg,ラピスラズリ鉱石,107,118,141,26,47,141
images/svg/textures/block/sculk_catalyst_bottom.svg,,89,109,109,90,75,115
images/svg/textures/block/cyan_stained_glass.svg,青緑色の色付きガラス,76,127,153,100,128,153
images/svg/textures/block/crimson_door_bottom.svg,,115,55,79,168,131,115
images/svg/textures/block/coarse_dirt.svg,粗い土,119,86,59,13,128,119
images/svg/textures/block/torch.svg,松明,11,9,5,1,10,11
images/svg/textures/block/lime_concrete.svg,黄緑色のコンクリート,94,169,24,45,218,169
images/svg/textures/block/coal_ore.svg,石炭鉱石,106,106,105,2,2,106
images/svg/textures/block/sweet_berry_bush_stage0.svg,,9,19,12,14,28,19
images/svg/textures/block/orange_candle.svg,橙色のろうそく,252,242,235,2,20,252
images/svg/textures/block/sweet_berry_bush_stage1.svg,,26,51,31,36,69,51
images/svg/textures/block/cut_sandstone.svg,研がれた砂岩,218,206,160,25,68,218
images/svg/textures/block/pink_tulip.svg,桃色のチューリップ,22,32,18,14,33,35
images/svg/textures/block/coal_block.svg,石炭ブロック,16,16,16,0,1,16
images/svg/textures/block/white_stained_glass.svg,白色の色付きガラス,255,255,255,0,0,255
images/svg/textures/block/brown_concrete.svg,茶色のコンクリート,96,60,32,13,172,96
images/svg/textures/block/nether_quartz_ore.svg,ネザークォーツ鉱石,118,66,62,3,135,118
images/svg/textures/block/repeating_command_block_front.svg,,129,111,176,128,96,178
images/svg/textures/block/pink_candle.svg,桃色のろうそく,251,242,246,14,11,251
images/svg/textures/block/carrots_stage2.svg,,18,36,12,17,55,38
images/svg/textures/block/cartography_table_side1.svg,,70,50,34,22,179,82
images/svg/textures/block/bee_nest_front.svg,,183,142,76,17,145,183
images/svg/textures/block/stripped_dark_oak_log_top.svg,,66,44,23,15,165,66
images/svg/textures/block/beehive_front_honey.svg,,167,132,74,19,140,167
images/svg/textures/block/cave_vines_lit.svg,,61,66,24,21,97,73
images/svg/textures/block/azure_bluet.svg,ヒナソウ,39,49,38,15,30,54
images/svg/textures/block/bamboo_singleleaf.svg,,240,244,234,4,18,244
images/svg/textures/block/melon_side.svg,,114,146,30,40,201,146
images/svg/textures/block/dirt_path_side.svg,,128,95,62,13,122,128
images/svg/textures/block/purple_candle_lit.svg,,10,3,12,12,16,13
images/svg/textures/block/deepslate_top.svg,,87,87,89,49,8,89
images/svg/textures/block/end_portal_frame_side.svg,,122,132,100,41,81,136
images/svg/textures/block/white_tulip.svg,白色のチューリップ,20,31,15,11,31,32
images/svg/textures/block/big_dripleaf_stem.svg,大きなドリップリーフの茎,30,38,15,13,49,38
images/svg/textures/block/small_amethyst_bud.svg,小さなアメジストの芽,16,12,24,16,16,24
images/svg/textures/block/yellow_wool.svg,黄色の羊毛,249,198,40,23,215,249
images/svg/textures/block/furnace_front.svg,,92,91,91,0,2,92
images/svg/textures/block/debug2.svg,,124,120,118,16,59,144
images/svg/textures/block/cartography_table_side3.svg,,68,44,20,15,178,68
images/svg/textures/block/acacia_sapling.svg,アカシアの苗木,51,51,10,13,91,57
images/svg/textures/block/carrots_stage0.svg,,3,7,3,4,11,7
images/svg/textures/block/pointed_dripstone_up_tip.svg,,28,23,19,2,17,28
images/svg/textures/block/hay_block_side.svg,,166,136,38,23,197,166
images/svg/textures/block/mud_bricks.svg,泥レンガ,137,104,79,12,106,137
images/svg/textures/block/light_blue_terracotta.svg,空色のテラコッタ,113,109,138,125,54,138
images/svg/textures/block/end_portal_frame_top.svg,,91,121,97,68,113,121
images/svg/textures/block/stone_bricks.svg,石レンガ,122,122,122,88,3,123
images/svg/textures/block/loom_bottom.svg,,76,60,36,18,134,76
images/svg/textures/block/candle.svg,ろうそく,252,250,246,2,7,252
images/svg/textures/block/command_block_conditional.svg,,179,133,106,39,111,180
images/svg/textures/block/lever.svg,レバー,9,7,5,1,8,9
images/svg/textures/block/tnt_side.svg,,182,88,84,61,152,185
images/svg/textures/block/cut_red_sandstone.svg,研がれた赤い砂岩,189,102,32,13,213,189
images/svg/textures/block/cracked_deepslate_bricks.svg,ひび割れた深層岩レンガ,65,65,65,13,3,65
images/svg/textures/block/deepslate_lapis_ore.svg,深層ラピスラズリ鉱石,80,91,115,46,51,115
images/svg/textures/block/gray_concrete.svg,灰色のコンクリート,55,58,62,107,29,62
images/svg/textures/block/cave_vines_plant.svg,洞窟のツタのつる,50,57,21,20,94,61
images/svg/textures/block/sculk_catalyst_side.svg,,77,94,90,85,99,100
images/svg/textures/block/cyan_shulker_box.svg,青緑色のシュルカーボックス,20,121,135,94,217,135
images/svg/textures/block/white_stained_glass_pane_top.svg,,31,31,31,0,0,31
images/svg/textures/block/end_rod.svg,エンドロッド,47,45,42,3,6,47
images/svg/textures/block/sweet_berry_bush_stage3.svg,,43,49,32,47,93,66
images/svg/textures/block/medium_amethyst_bud.svg,中くらいのアメジストの芽,32,24,40,27,22,41
images/svg/textures/block/light_blue_candle.svg,空色のろうそく,237,245,250,8,17,250
images/svg/textures/block/sweet_berry_bush_stage2.svg,,34,50,32,37,77,58
images/svg/textures/block/gray_stained_glass_pane_top.svg,,9,9,9,0,0,9
images/svg/textures/block/lime_shulker_box.svg,黄緑色のシュルカーボックス,100,173,23,45,221,173
images/svg/textures/block/sponge.svg,スポンジ,196,192,75,29,158,196
images/svg/textures/block/composter_bottom.svg,,117,72,32,14,188,117
images/svg/textures/block/smithing_table_side.svg,,55,35,36,58,102,59
images/svg/textures/block/warped_fungus.svg,歪んだキノコ,14,21,17,17,38,28
images/svg/textures/block/sugar_cane.svg,サトウキビ,82,106,56,24,67,106
images/svg/textures/block/carrots_stage1.svg,,9,20,7,9,28,20
images/svg/textures/block/sunflower_bottom.svg,,13,30,7,12,44,30
images/svg/textures/block/red_sandstone_bottom.svg,,186,98,28,13,217,186
images/svg/textures/block/cartography_table_side2.svg,,82,62,42,23,175,94
images/svg/textures/block/calcite.svg,方解石,223,224,221,37,5,225
images/svg/textures/block/sculk.svg,スカルク,13,30,36,101,142,36
images/svg/textures/block/exposed_copper.svg,風化した銅,161,126,104,13,90,162
images/svg/textures/block/dead_bubble_coral.svg,死んだミズタマサンゴ,69,65,63,6,12,69
images/svg/textures/block/polished_blackstone.svg,磨かれたブラックストーン,53,49,57,112,54,59
images/svg/textures/block/rose_bush_top.svg,,48,24,14,22,68,56
images/svg/textures/block/white_concrete.svg,白色のコンクリート,207,213,214,94,8,214
images/svg/textures/block/deepslate_tiles.svg,深層岩タイル,55,55,55,10,2,55
images/svg/textures/block/redstone_lamp_on.svg,,143,102,61,14,155,143
images/svg/textures/block/turtle_egg_slightly_cracked.svg,,195,193,174,15,33,198
images/svg/textures/block/polished_deepslate.svg,磨かれた深層岩,72,73,73,21,3,73
images/svg/textures/block/tnt_bottom.svg,,167,67,53,26,169,167
images/svg/textures/block/spore_blossom_base.svg,,70,88,31,25,102,88
images/svg/textures/block/smooth_basalt.svg,滑らかな玄武岩,73,72,78,90,26,78
images/svg/textures/block/spruce_leaves.svg,トウヒの葉,79,79,79,0,0,79
images/svg/textures/block/blue_wool.svg,青色の羊毛,53,57,157,119,169,157
images/svg/textures/block/magma.svg,,143,63,32,5,184,143
images/svg/textures/block/command_block_front.svg,,181,136,108,36,109,183
images/svg/textures/block/basalt_side.svg,,73,73,78,95,24,78
images/svg/textures/block/dead_horn_coral_fan.svg,死んだシカツノウチワサンゴ,190,186,183,5,13,190
images/svg/textures/block/chorus_plant.svg,コーラスプラント,94,57,94,150,108,94
images/svg/textures/block/warped_planks.svg,歪んだ板材,43,105,99,87,152,105
images/svg/textures/block/reinforced_deepslate_side.svg,,102,109,101,46,31,112
images/svg/textures/block/gold_block.svg,金ブロック,246,208,62,24,192,246
images/svg/textures/block/gravel.svg,砂利,132,127,127,3,11,132
images/svg/textures/block/black_terracotta.svg,黒色のテラコッタ,37,23,16,9,143,37
images/svg/textures/block/deepslate_gold_ore.svg,深層金鉱石,115,103,78,32,54,117
images/svg/textures/block/birch_door_top.svg,,220,210,176,23,56,220
images/svg/textures/block/green_concrete_powder.svg,緑色のコンクリートパウダー,97,119,45,39,159,119
images/svg/textures/block/repeater_on.svg,,169,157,156,58,19,171
images/svg/textures/block/cyan_candle.svg,青緑色のろうそく,235,244,244,8,18,244
images/svg/textures/block/turtle_egg.svg,カメの卵,200,200,181,15,30,204
images/svg/textures/block/dead_fire_coral.svg,死んだミレポラサンゴ,58,55,53,5,11,58
images/svg/textures/block/bubble_coral_fan.svg,ミズタマウチワサンゴ,70,14,70,66,92,71
images/svg/textures/block/green_concrete.svg,緑色のコンクリート,73,91,36,40,153,91
images/svg/textures/block/dropper_front_vertical.svg,,98,97,97,0,2,98
images/svg/textures/block/repeater.svg,レッドストーンリピーター,160,157,156,58,19,162
images/svg/textures/block/azalea_top.svg,,102,125,48,39,156,125
images/svg/textures/block/spruce_planks.svg,トウヒの板材,115,85,49,16,148,115
images/svg/textures/block/dispenser_front_vertical.svg,,99,98,98,0,2,99
images/svg/textures/block/green_candle.svg,緑色のろうそく,240,242,236,4,16,242
images/svg/textures/block/sculk_catalyst_side_bloom.svg,,77,97,93,84,101,103
images/svg/textures/block/red_candle.svg,赤色のろうそく,247,237,237,1,16,247
images/svg/textures/block/stripped_oak_log_top.svg,,160,130,77,19,133,160
images/svg/textures/block/tall_seagrass_bottom.svg,,67,108,43,29,144,108
images/svg/textures/block/pink_terracotta.svg,桃色のテラコッタ,162,78,79,9,132,162
images/svg/textures/block/mycelium_top.svg,,111,99,101,154,30,111
images/svg/textures/block/beacon.svg,ビーコン,118,221,215,78,127,221
images/svg/textures/block/chiseled_nether_bricks.svg,模様入りのネザーレンガ,47,24,28,174,127,47
images/svg/textures/block/brain_coral_block.svg,ノウサンゴブロック,207,91,159,163,145,207
images/svg/textures/block/chiseled_stone_bricks.svg,模様入りの石レンガ,120,119,120,104,3,120
images/svg/textures/block/cobbled_deepslate.svg,深層岩の丸石,77,77,81,79,12,81
images/svg/textures/block/peony_top.svg,,56,54,60,44,47,69
images/svg/textures/block/snow.svg,雪,249,254,254,49,5,254
images/svg/textures/block/redstone_lamp.svg,レッドストーンランプ,95,55,30,10,173,95
images/svg/textures/block/lilac_bottom.svg,,48,44,45,40,50,60
images/svg/textures/block/warped_door_bottom.svg,,43,119,112,87,160,119
images/svg/textures/block/mud.svg,泥,60,57,61,88,26,63
images/svg/textures/block/sculk_sensor_top.svg,,7,70,84,96,235,84
images/svg/textures/block/lectern_sides.svg,,150,117,68,18,141,150
images/svg/textures/block/brown_stained_glass_pane_top.svg,,12,9,6,2,16,12
images/svg/textures/block/crimson_nylium.svg,真紅のナイリウム,131,31,31,0,192,131
images/svg/textures/block/enchanting_table_top.svg,,129,75,85,98,184,153
images/svg/textures/block/warped_trapdoor.svg,歪んだトラップドア,37,94,88,68,120,94
images/svg/textures/block/magenta_terracotta.svg,赤紫色のテラコッタ,150,88,109,170,105,150
images/svg/textures/block/polished_blackstone_bricks.svg,磨かれたブラックストーンレンガ,48,43,50,118,61,53
images/svg/textures/block/composter_ready.svg,,177,164,143,10,83,177
images/svg/textures/block/soul_torch.svg,魂の松明,9,9,7,2,10,10
images/svg/textures/block/smoker_bottom.svg,,107,106,104,1,10,107
images/svg/textures/block/end_portal_frame_eye.svg,,13,26,23,32,61,27
images/svg/textures/block/dried_kelp_bottom.svg,,50,59,39,43,97,59
images/svg/textures/block/brown_wool.svg,茶色の羊毛,114,72,41,13,165,114
images/svg/textures/block/chiseled_quartz_block_top.svg,,232,227,217,18,16,232
images/svg/textures/block/cyan_candle_lit.svg,,4,12,11,7,16,12
images/svg/textures/block/cobblestone.svg,丸石,128,127,128,44,1,128
images/svg/textures/block/loom_top.svg,,142,119,92,15,100,142
images/svg/textures/block/iron_ore.svg,鉄鉱石,136,129,123,4,21,136
images/svg/textures/block/gilded_blackstone.svg,きらめくブラックストーン,56,43,38,97,92,58
images/svg/textures/block/big_dripleaf_top.svg,,101,129,47,37,144,129
images/svg/textures/block/packed_mud.svg,固めた泥,142,107,80,13,112,142
images/svg/textures/block/lodestone_top.svg,,147,149,153,54,8,153
images/svg/textures/block/beehive_side.svg,,157,126,76,19,133,157
images/svg/textures/block/white_concrete_powder.svg,白色のコンクリートパウダー,226,227,228,89,2,228
images/svg/textures/block/warped_roots.svg,歪んだ根,7,50,45,31,78,51
images/svg/textures/block/debug.svg,,133,148,153,61,112,191
images/svg/textures/block/dark_prismarine.svg,ダークプリズマリン,52,92,76,78,107,92
images/svg/textures/block/allium.svg,アリウム,35,34,45,26,34,52
images/svg/textures/block/lantern.svg,ランタン,44,38,35,33,42,51
images/svg/textures/block/shulker_box.svg,シュルカーボックス,139,97,139,150,77,139
images/svg/textures/block/prismarine.svg,プリズマリン,99,156,151,88,105,165
images/svg/textures/block/purple_concrete.svg,紫色のコンクリート,100,32,156,137,203,156
images/svg/textures/block/chain_command_block_conditional.svg,,130,162,147,87,60,165
images/svg/textures/block/mangrove_log.svg,マングローブの原木,84,67,41,18,129,84
images/svg/textures/block/yellow_concrete_powder.svg,黄色のコンクリートパウダー,233,199,55,24,195,233
images/svg/textures/block/wet_sponge.svg,濡れたスポンジ,171,181,70,33,156,181
images/svg/textures/block/mushroom_block_inside.svg,,202,170,120,18,103,202
images/svg/textures/block/bell_top.svg,,63,59,28,7,36,63
images/svg/textures/block/anvil_top.svg,,45,45,45,0,0,45
images/svg/textures/block/raw_copper_block.svg,銅の原石ブロック,154,106,79,17,130,160
images/svg/textures/block/terracotta.svg,テラコッタ,152,94,68,9,141,152
images/svg/textures/block/birch_door_bottom.svg,,208,194,144,23,81,208
images/svg/textures/block/observer_back_on.svg,,76,68,68,0,18,76
images/svg/textures/block/scaffolding_side.svg,,126,109,60,14,82,126
images/svg/textures/block/weathered_copper.svg,錆びた銅,108,153,110,59,93,153
images/svg/textures/block/chiseled_red_sandstone.svg,模様入りの赤い砂岩,183,97,28,13,218,183
images/svg/textures/block/red_nether_bricks.svg,赤いネザーレンガ,70,7,9,179,234,70
images/svg/textures/block/spawner.svg,スポナー,25,32,43,79,82,43
images/svg/textures/block/gray_terracotta.svg,灰色のテラコッタ,58,42,36,9,98,58
images/svg/textures/block/pink_glazed_terracotta.svg,桃色の彩釉テラコッタ,235,155,182,163,88,235
images/svg/textures/block/fire_coral_fan.svg,ミレポラウチワサンゴ,65,14,19,66,82,65
images/svg/textures/block/sculk_shrieker_can_summon_inner_top.svg,,31,65,66,94,150,70
images/svg/textures/block/daylight_detector_inverted_top.svg,,106,109,113,69,80,125
images/svg/textures/block/polished_granite.svg,磨かれた花崗岩,154,107,89,8,108,154
images/svg/textures/block/black_shulker_box.svg,黒色のシュルカーボックス,25,25,30,118,42,30
images/svg/textures/block/ladder.svg,はしご,70,54,31,10,80,70
images/svg/textures/block/oak_log_top.svg,,151,122,73,18,133,151
images/svg/textures/block/smithing_table_top.svg,,57,59,71,117,47,71
images/svg/textures/block/bee_nest_side.svg,,196,151,77,18,153,196
images/svg/textures/block/redstone_torch.svg,レッドストーントーチ,17,8,4,1,17,17
images/svg/textures/block/glow_lichen.svg,ヒカリゴケ,46,54,50,31,16,54
images/svg/textures/block/deepslate_bricks.svg,深層岩レンガ,71,71,71,14,2,71
images/svg/textures/block/sea_lantern.svg,シーランタン,172,200,190,74,43,200
images/svg/textures/block/dead_bubble_coral_fan.svg,死んだミズタマウチワサンゴ,193,190,187,7,11,193
images/svg/textures/block/redstone_dust_line0.svg,,19,19,19,0,0,19
images/svg/textures/block/stripped_dark_oak_log.svg,樹皮を剥いだダークオークの原木,73,57,36,17,129,73
images/svg/textures/block/andesite.svg,安山岩,136,136,137,44,4,138
images/svg/textures/block/cobweb.svg,クモの巣,94,96,96,24,3,96
images/svg/textures/block/potted_azalea_bush_top.svg,,25,31,12,10,38,31
images/svg/textures/block/command_block_side.svg,,177,133,108,41,108,179
images/svg/textures/block/cauldron_bottom.svg,,13,13,15,39,8,15
images/svg/textures/block/gray_shulker_box.svg,灰色のシュルカーボックス,55,59,62,106,29,62
images/svg/textures/block/jigsaw_bottom.svg,,34,27,37,108,59,37
images/svg/textures/block/soul_lantern.svg,魂のランタン,30,41,48,44,36,48
images/svg/textures/block/pink_concrete_powder.svg,桃色のコンクリートパウダー,229,153,181,169,84,229
images/svg/textures/block/grindstone_pivot.svg,,17,11,5,3,42,17
images/svg/textures/block/chiseled_sandstone.svg,模様入りの砂岩,216,203,155,24,73,216
images/svg/textures/block/big_dripleaf_side.svg,,1,1,1,0,2,1
images/svg/textures/block/red_sandstone.svg,赤い砂岩,187,99,29,13,216,187
images/svg/textures/block/gold_ore.svg,金鉱石,145,134,107,5,47,145
images/svg/textures/block/pink_shulker_box.svg,桃色のシュルカーボックス,230,122,158,170,121,230
images/svg/textures/block/small_dripleaf_stem_bottom.svg,,16,20,8,7,26,20
images/svg/textures/block/gray_glazed_terracotta.svg,灰色の彩釉テラコッタ,83,90,94,86,31,94
images/svg/textures/block/jukebox_top.svg,,94,64,47,13,111,94
images/svg/textures/block/white_shulker_box.svg,白色のシュルカーボックス,216,221,221,92,6,221
images/svg/textures/block/hopper_outside.svg,,67,66,68,67,12,69
images/svg/textures/block/bell_bottom.svg,,47,37,11,5,51,47
images/svg/textures/block/purple_stained_glass.svg,紫色の色付きガラス,127,63,178,137,165,178
images/svg/textures/block/lava_still.svg,,212,90,18,11,234,212
images/svg/textures/block/cactus_bottom.svg,,110,130,66,32,111,130
images/svg/textures/block/dead_tube_coral_fan.svg,死んだクダウチワサンゴ,202,200,198,4,8,202
images/svg/textures/block/red_shulker_box.svg,赤色のシュルカーボックス,140,31,30,0,201,140
images/svg/textures/block/light_gray_stained_glass.svg,薄灰色の色付きガラス,153,153,153,0,0,153
images/svg/textures/block/sculk_shrieker_top.svg,,40,42,34,7,9,42
images/svg/textures/block/stripped_crimson_stem.svg,表皮を剥いだ真紅の幹,137,57,90,168,149,137
images/svg/textures/block/deepslate_emerald_ore.svg,深層エメラルド鉱石,78,104,88,47,46,106
images/svg/textures/block/potted_flowering_azalea_bush_plant.svg,,30,32,17,14,47,36
images/svg/textures/block/cyan_concrete_powder.svg,青緑色のコンクリートパウダー,37,148,157,92,196,157
images/svg/textures/block/oak_trapdoor.svg,オークのトラップドア,107,85,49,16,121,107
images/svg/textures/block/blue_shulker_box.svg,青色のシュルカーボックス,44,46,140,119,176,140
images/svg/textures/block/powered_rail.svg,パワードレール,93,74,50,12,79,93
images/svg/textures/block/dead_tube_coral.svg,死んだクダサンゴ,71,66,65,5,13,71
images/svg/textures/block/brown_shulker_box.svg,茶色のシュルカーボックス,106,66,36,13,169,106
images/svg/textures/block/carved_pumpkin.svg,くり抜かれたカボチャ,150,84,17,35,234,150
images/svg/textures/block/black_glazed_terracotta.svg,黒色の彩釉テラコッタ,68,30,32,53,89,70
images/svg/textures/block/weeping_vines_plant.svg,しだれツタのつる,60,7,5,19,108,60
images/svg/textures/block/spore_blossom.svg,胞子の花,103,48,79,77,70,103
images/svg/textures/block/light_gray_terracotta.svg,薄灰色のテラコッタ,135,107,98,7,71,135
images/svg/textures/block/iron_block.svg,鉄ブロック,220,220,220,0,0,220
images/svg/textures/block/mangrove_roots_top.svg,,52,41,27,12,84,52
images/svg/textures/block/grass.svg,草,80,80,80,32,1,80
images/svg/textures/block/seagrass.svg,海草,64,99,44,23,111,99
images/svg/textures/block/deepslate_redstone_ore.svg,深層レッドストーン鉱石,105,73,75,28,50,106
images/svg/textures/block/stone.svg,石,126,126,126,0,0,126
images/svg/textures/block/pink_concrete.svg,桃色のコンクリート,214,101,143,169,134,214
images/svg/textures/block/acacia_log.svg,アカシアの原木,103,97,87,18,41,103
images/svg/textures/block/redstone_dust_line1.svg,,21,21,21,0,0,21
images/svg/textures/block/kelp_plant.svg,コンブの茎,34,51,17,17,66,51
images/svg/textures/block/brewing_stand.svg,醸造台,62,51,41,7,33,64
images/svg/textures/block/polished_basalt_top.svg,,99,99,101,46,8,101
images/svg/textures/block/oxidized_copper.svg,酸化した銅,82,163,133,79,126,163
images/svg/textures/block/composter_side.svg,,112,70,32,14,190,112
images/svg/textures/block/mangrove_propagule_hanging.svg,,23,29,15,8,28,30
images/svg/textures/block/grass_block_snow.svg,,170,151,133,35,85,175
images/svg/textures/block/large_fern_bottom.svg,,170,170,170,72,3,171
images/svg/textures/block/piston_top_sticky.svg,,123,149,92,37,116,158
images/svg/textures/block/deepslate_iron_ore.svg,深層鉄鉱石,107,100,95,32,27,108
images/svg/textures/block/dead_bubble_coral_block.svg,死んだミズタマサンゴブロック,132,124,119,10,24,132
images/svg/textures/block/light_blue_stained_glass.svg,空色の色付きガラス,102,153,216,107,135,216
images/svg/textures/block/brown_candle_lit.svg,,12,8,4,2,14,12
images/svg/textures/block/stripped_warped_stem_top.svg,,52,129,124,88,151,129
images/svg/textures/block/magenta_glazed_terracotta.svg,赤紫色の彩釉テラコッタ,208,100,192,156,136,208
images/svg/textures/block/azalea_side.svg,,57,71,27,24,93,71
images/svg/textures/block/end_stone.svg,エンドストーン,220,223,158,32,75,225
images/svg/textures/block/magenta_stained_glass.svg,赤紫色の色付きガラス,178,76,216,142,165,216
images/svg/textures/block/emerald_ore.svg,エメラルド鉱石,108,136,116,19,43,136
images/svg/textures/block/lectern_top.svg,,174,138,83,18,133,174
images/svg/textures/block/podzol_top.svg,,92,63,24,17,186,92
images/svg/textures/block/green_glazed_terracotta.svg,緑色の彩釉テラコッタ,117,142,67,49,149,143
images/svg/textures/block/iron_door_top.svg,,158,157,157,0,1,158
images/svg/textures/block/jungle_trapdoor.svg,ジャングルのトラップドア,128,92,65,11,105,128
images/svg/textures/block/cracked_nether_bricks.svg,ひび割れたネザーレンガ,40,20,24,174,127,40
images/svg/textures/block/bubble_coral_block.svg,ミズタマサンゴブロック,165,26,162,150,215,166
images/svg/textures/block/nether_bricks.svg,ネザーレンガ,44,22,26,174,128,44
images/svg/textures/block/yellow_concrete.svg,黄色のコンクリート,241,175,21,21,233,241
images/svg/textures/block/melon_stem.svg,スイカの茎,21,21,21,0,0,21
images/svg/textures/block/blue_glazed_terracotta.svg,青色の彩釉テラコッタ,47,65,139,117,164,139
images/svg/textures/block/birch_log_top.svg,,193,179,135,22,76,193
images/svg/textures/block/smoker_top.svg,,85,84,81,1,11,85
images/svg/textures/block/target_side.svg,,229,176,168,14,75,229
images/svg/textures/block/acacia_door_bottom.svg,,117,66,41,7,118,117
images/svg/textures/block/green_wool.svg,緑色の羊毛,85,110,28,39,189,110
images/svg/textures/block/green_shulker_box.svg,緑色のシュルカーボックス,79,101,32,39,174,101
images/svg/textures/block/lime_candle.svg,黄緑色のろうそく,242,248,236,4,18,248
images/svg/textures/block/spruce_sapling.svg,トウヒの苗木,15,20,12,16,38,21
images/svg/textures/block/jungle_sapling.svg,ジャングルの苗木,16,27,6,14,69,27
images/svg/textures/block/repeating_command_block_back.svg,,128,110,167,127,90,170
images/svg/textures/block/jigsaw_side.svg,,62,54,63,74,30,64
images/svg/textures/block/sculk_sensor_tendril_inactive.svg,,2,8,10,12,26,10
images/svg/textures/block/anvil.svg,金床,69,69,69,0,0,69
images/svg/textures/block/red_concrete_powder.svg,赤色のコンクリートパウダー,168,54,51,1,178,168
images/svg/textures/block/sandstone_bottom.svg,,216,202,154,24,73,216
images/svg/textures/block/grass_block_side_overlay.svg,,27,27,27,0,0,27
images/svg/textures/block/purple_candle.svg,紫色のろうそく,243,237,247,11,16,247
images/svg/textures/block/orange_wool.svg,橙色の羊毛,241,118,20,13,235,241
images/svg/textures/block/gray_wool.svg,灰色の羊毛,63,68,72,102,31,72
images/svg/textures/block/pointed_dripstone_down_middle.svg,,95,75,66,7,57,95
images/svg/textures/block/chiseled_deepslate.svg,模様入りの深層岩,54,54,55,21,3,55
images/svg/textures/block/brown_glazed_terracotta.svg,茶色の彩釉テラコッタ,120,106,86,34,153,146
images/svg/textures/block/powder_snow.svg,粉雪,248,253,253,44,5,253
images/svg/textures/block/blue_ice.svg,青氷,116,168,253,109,138,253
images/svg/textures/block/red_mushroom.svg,赤色のキノコ,27,9,8,5,22,28
images/svg/textures/block/light_gray_concrete.svg,薄灰色のコンクリート,125,125,115,30,20,125
images/svg/textures/block/hopper_inside.svg,,49,49,53,122,21,53
images/svg/textures/block/smithing_table_bottom.svg,,64,28,24,10,157,64
images/svg/textures/block/orange_candle_lit.svg,,19,11,2,2,18,19
images/svg/textures/block/nether_wart_stage0.svg,,20,3,4,21,38,20
images/svg/textures/block/campfire_log.svg,,65,61,55,60,83,77
images/svg/textures/block/water_flow.svg,,169,169,169,0,0,169
images/svg/textures/block/activator_rail_on.svg,,87,53,45,9,69,88
images/svg/textures/block/blue_terracotta.svg,青色のテラコッタ,74,60,91,134,88,91
images/svg/textures/block/dead_horn_coral.svg,死んだシカツノサンゴ,56,53,51,5,9,56
images/svg/textures/block/target_top.svg,,226,170,158,12,84,226
images/svg/textures/block/ice.svg,氷,146,184,254,109,108,254
images/svg/textures/block/deepslate_coal_ore.svg,深層石炭鉱石,74,74,76,33,8,76
images/svg/textures/block/stonecutter_saw.svg,,71,71,71,0,0,71
images/svg/textures/block/black_wool.svg,黒色の羊毛,21,21,26,116,57,26
images/svg/textures/block/dead_bush.svg,枯れ木,33,24,12,5,47,33
images/svg/textures/block/gray_stained_glass.svg,灰色の色付きガラス,76,76,76,0,0,76
images/svg/textures/block/azalea_plant.svg,,68,81,32,28,117,83
images/svg/textures/block/attached_melon_stem.svg,実がなったスイカの茎,18,18,18,12,0,18
images/svg/textures/block/copper_block.svg,銅ブロック,192,108,80,8,150,192
images/svg/textures/block/ancient_debris_top.svg,,95,66,58,7,117,95
images/svg/textures/block/white_terracotta.svg,白色のテラコッタ,210,178,161,10,59,210
images/svg/textures/block/dark_oak_log_top.svg,,68,45,22,15,170,68
images/svg/textures/block/crimson_trapdoor.svg,真紅のトラップドア,88,43,61,142,108,88
images/svg/textures/block/brain_coral_fan.svg,ノウウチワサンゴ,75,31,57,60,56,75
images/svg/textures/block/rooted_dirt.svg,根付いた土,144,104,77,12,122,144
images/svg/textures/block/exposed_cut_copper.svg,風化した切り込み入りの銅,155,122,101,13,88,156
images/svg/textures/block/soul_campfire_log_lit.svg,,70,107,105,82,121,120
images/svg/textures/block/shroomlight.svg,シュルームライト,241,147,71,14,183,241
images/svg/textures/block/dispenser_front.svg,,122,122,122,0,2,122
images/svg/textures/block/light_gray_stained_glass_pane_top.svg,,18,18,18,0,0,18
images/svg/textures/block/red_glazed_terracotta.svg,赤色の彩釉テラコッタ,182,60,53,2,183,182
images/svg/textures/block/diamond_block.svg,ダイヤモンドブロック,98,237,228,86,153,238
images/svg/textures/block/mossy_stone_bricks.svg,苔むした石レンガ,115,121,105,76,38,122
images/svg/textures/block/structure_block_data.svg,,79,66,81,101,42,81
images/svg/textures/block/nether_gold_ore.svg,ネザー金鉱石,115,55,42,2,160,115
images/svg/textures/block/red_stained_glass.svg,赤色の色付きガラス,153,51,51,0,170,153
images/svg/textures/block/cave_vines_plant_lit.svg,,66,67,25,21,106,77
images/svg/textures/block/blackstone_top.svg,,42,36,42,114,67,46
images/svg/textures/block/brain_coral.svg,ノウサンゴ,86,37,67,71,66,86
images/svg/textures/block/orange_tulip.svg,橙色のチューリップ,26,35,16,13,44,41
images/svg/textures/block/lime_terracotta.svg,黄緑色のテラコッタ,104,118,53,37,141,118
images/svg/textures/block/twisting_vines.svg,ねじれツタ,6,40,34,24,60,40
images/svg/textures/block/respawn_anchor_top.svg,,76,24,150,131,195,150
images/svg/textures/block/tripwire_hook.svg,トリップワイヤーフック,26,24,21,1,7,26
images/svg/textures/block/sunflower_top.svg,,6,16,3,7,24,16
images/svg/textures/block/nether_wart_stage1.svg,,54,8,9,56,104,54
images/svg/textures/block/loom_side.svg,,146,101,72,11,129,146
images/svg/textures/block/yellow_terracotta.svg,黄色のテラコッタ,186,133,35,19,207,186
images/svg/textures/block/piston_inner.svg,,97,97,97,0,1,97
images/svg/textures/block/sculk_vein.svg,スカルクヴェイン,5,34,40,67,140,40
images/svg/textures/block/lime_wool.svg,黄緑色の羊毛,112,185,26,44,220,185
images/svg/textures/block/comparator.svg,レッドストーンコンパレーター,166,162,160,49,21,168
images/svg/textures/block/potted_azalea_bush_side.svg,,22,27,11,9,35,27
images/svg/textures/block/orange_stained_glass_pane_top.svg,,26,15,6,2,24,26
images/svg/textures/block/grass_block_side.svg,,127,107,66,19,133,137
images/svg/textures/block/green_candle_lit.svg,,8,9,2,3,17,10
images/svg/textures/block/dead_brain_coral.svg,死んだノウサンゴ,59,55,53,4,11,59
images/svg/textures/block/yellow_stained_glass.svg,黄色の色付きガラス,229,229,51,30,198,229
images/svg/textures/block/polished_diorite.svg,磨かれた閃緑岩,193,193,195,108,4,195
images/svg/textures/block/jukebox_side.svg,,89,59,41,15,128,89
images/svg/textures/block/red_mushroom_block.svg,赤色のキノコブロック,200,47,45,0,199,200
images/svg/textures/block/redstone_block.svg,レッドストーンブロック,176,25,5,3,248,176
images/svg/textures/block/pointed_dripstone_up_middle.svg,,95,75,66,7,57,95
images/svg/textures/block/red_terracotta.svg,赤色のテラコッタ,143,61,47,4,171,143
images/svg/textures/block/spruce_trapdoor.svg,トウヒのトラップドア,104,79,48,15,134,104
images/svg/textures/block/black_stained_glass.svg,黒色の色付きガラス,25,25,25,0,0,25
images/svg/textures/block/observer_back.svg,,72,70,70,1,8,72
images/svg/textures/block/mangrove_roots_side.svg,,41,33,21,9,68,41
images/svg/textures/block/cave_vines.svg,洞窟のツタ,51,61,23,21,91,63
images/svg/textures/block/chain_command_block_back.svg,,130,157,145,89,59,163
images/svg/textures/block/tripwire.svg,トリップワイヤー,21,21,21,0,0,21
images/svg/textures/block/gray_candle.svg,灰色のろうそく,241,242,242,8,4,242
images/svg/textures/block/cut_copper.svg,切り込み入りの銅,191,107,81,7,149,191
images/svg/textures/block/composter_compost.svg,,161,146,125,10,104,161
images/svg/textures/block/scaffolding_top.svg,,182,146,97,15,126,182
images/svg/textures/block/packed_ice.svg,氷塊,142,180,250,109,111,250
images/svg/textures/block/purple_stained_glass_pane_top.svg,,15,8,21,17,20,21
images/svg/textures/block/blue_stained_glass.svg,青色の色付きガラス,51,76,178,114,182,178
images/svg/textures/block/dropper_front.svg,,122,122,122,0,2,122
images/svg/textures/block/pointed_dripstone_down_base.svg,,116,92,80,8,71,116
images/svg/textures/block/flowering_azalea_leaves.svg,開花したツツジの葉,80,89,49,43,119,98
images/svg/textures/block/cartography_table_top.svg,,103,87,67,26,151,115
images/svg/textures/block/bubble_coral.svg,ミズタマサンゴ,84,12,83,78,114,85
images/svg/textures/block/nether_sprouts.svg,ネザースプラウト,2,18,16,10,27,19
images/svg/textures/block/nether_wart_stage2.svg,,69,11,12,61,139,69
images/svg/textures/block/acacia_door_top.svg,,121,68,44,7,116,121
images/svg/textures/block/stonecutter_side.svg,,60,51,44,4,45,60
images/svg/textures/block/soul_sand.svg,ソウルサンド,81,62,51,11,97,81
images/svg/textures/block/red_wool.svg,赤色の羊毛,161,39,35,1,200,161
images/svg/textures/block/detector_rail.svg,ディテクターレール,75,64,55,11,49,76
images/svg/textures/block/attached_pumpkin_stem.svg,実がなったカボチャの茎,18,18,18,0,0,18
images/svg/textures/block/destroy_stage_1.svg,,249,249,249,0,0,249
images/svg/textures/block/dark_oak_leaves.svg,ダークオークの葉,105,106,105,63,3,106
images/svg/textures/block/light_gray_wool.svg,薄灰色の羊毛,142,142,135,30,14,142
images/svg/textures/block/crafting_table_front.svg,,129,106,70,16,128,129
images/svg/textures/block/mangrove_planks.svg,マングローブの板材,118,54,49,67,154,118
images/svg/textures/block/light_gray_glazed_terracotta.svg,薄灰色の彩釉テラコッタ,144,166,168,78,40,168
images/svg/textures/block/crimson_door_top.svg,,114,55,79,168,131,114
images/svg/textures/block/stripped_mangrove_log_top.svg,,109,44,43,80,158,109
images/svg/textures/block/nether_wart_block.svg,ネザーウォートブロック,115,3,2,0,252,115
images/svg/textures/block/brown_stained_glass.svg,茶色の色付きガラス,102,76,51,15,128,102
images/svg/textures/block/oak_leaves.svg,オークの葉,97,97,97,65,3,98
images/svg/textures/block/warped_nylium_side.svg,,73,62,60,34,150,99
images/svg/textures/block/brown_mushroom_block.svg,茶色のキノコブロック,149,112,81,13,116,149
images/svg/textures/block/red_sand.svg,赤い砂,191,103,33,13,211,191
images/svg/textures/block/orange_shulker_box.svg,橙色のシュルカーボックス,234,106,9,13,246,234
images/svg/textures/block/comparator_on.svg,,176,160,158,48,23,177
images/svg/textures/block/light_blue_candle_lit.svg,,6,13,17,8,14,17
images/svg/textures/block/blue_concrete_powder.svg,青色のコンクリートパウダー,70,73,167,119,148,167
images/svg/textures/block/wheat_stage7.svg,,90,82,40,14,79,91
images/svg/textures/block/pointed_dripstone_up_base.svg,,116,92,80,8,71,116
images/svg/textures/block/soul_fire_1.svg,,32,218,224,84,223,224
images/svg/textures/block/bee_nest_bottom.svg,,161,127,88,16,118,161
images/svg/textures/block/red_tulip.svg,赤色のチューリップ,19,26,8,10,41,33
images/svg/textures/block/beetroots_stage1.svg,,8,16,5,6,21,16
images/svg/textures/block/ancient_debris_side.svg,,96,64,56,6,115,96
images/svg/textures/block/yellow_shulker_box.svg,黄色のシュルカーボックス,248,189,29,22,225,248
images/svg/textures/block/structure_block.svg,ストラクチャーブロック,89,74,90,104,41,90
images/svg/textures/block/oak_planks.svg,オークの板材,162,131,79,19,133,162
images/svg/textures/block/beetroots_stage0.svg,,4,8,2,3,10,8
images/svg/textures/block/pearlescent_froglight_side.svg,,236,225,229,39,15,236
images/svg/textures/block/stripped_oak_log.svg,樹皮を剥いだオークの原木,177,144,86,19,132,177
images/svg/textures/block/soul_fire_0.svg,,31,216,222,84,223,222
images/svg/textures/block/crimson_roots_pot.svg,,31,2,10,42,59,31
images/svg/textures/block/wheat_stage6.svg,,70,66,18,14,95,72
images/svg/textures/block/frogspawn.svg,カエルの卵,35,30,27,3,23,35
images/svg/textures/block/small_dripleaf_side.svg,,2,2,1,1,2,2
images/svg/textures/block/farmland_moist.svg,,82,44,15,13,208,82
images/svg/textures/block/observer_front.svg,,104,103,103,0,1,104
images/svg/textures/block/dark_oak_planks.svg,ダークオークの板材,67,43,20,15,178,67
images/svg/textures/block/dead_fire_coral_fan.svg,死んだミレポラウチワサンゴ,171,167,165,6,12,171
images/svg/textures/block/campfire_log_lit.svg,,111,88,54,58,130,120
images/svg/textures/block/turtle_egg_very_cracked.svg,,190,188,168,14,35,193
images/svg/textures/block/mangrove_leaves.svg,マングローブの葉,107,106,106,0,2,107
images/svg/textures/block/potted_flowering_azalea_bush_top.svg,,29,30,18,14,38,34
images/svg/textures/block/spruce_log.svg,トウヒの原木,59,38,17,15,184,59
images/svg/textures/block/glowstone.svg,グロウストーン,172,131,84,16,142,172
images/svg/textures/block/prismarine_bricks.svg,プリズマリンレンガ,99,172,158,85,109,172
images/svg/textures/block/pumpkin_stem.svg,カボチャの茎,21,21,21,14,0,21
images/svg/textures/block/black_concrete_powder.svg,黒色のコンクリートパウダー,25,27,32,114,57,32
images/svg/textures/block/fire_coral_block.svg,ミレポラサンゴブロック,164,35,47,168,201,164
images/svg/textures/block/lava_flow.svg,,207,92,20,12,231,207
images/svg/textures/block/magenta_wool.svg,赤紫色の羊毛,190,69,180,152,163,190
images/svg/textures/block/mossy_cobblestone.svg,苔むした丸石,110,118,95,51,55,119
images/svg/textures/block/crimson_stem_top.svg,,113,50,70,147,143,113
images/svg/textures/block/destroy_stage_0.svg,,253,253,253,0,0,253
images/svg/textures/block/destroy_stage_2.svg,,244,244,244,0,0,244
images/svg/textures/block/blue_stained_glass_pane_top.svg,,6,9,21,14,23,21
images/svg/textures/block/lightning_rod_on.svg,,255,255,255,0,0,255
images/svg/textures/block/sunflower_front.svg,,50,40,11,5,40,50
images/svg/textures/block/stripped_jungle_log_top.svg,,166,123,82,15,130,166
images/svg/textures/block/cake_bottom.svg,,103,48,25,7,148,103
images/svg/textures/block/stripped_spruce_log_top.svg,,106,80,47,17,142,106
images/svg/textures/block/dark_oak_door_bottom.svg,,73,49,24,15,173,73
images/svg/textures/block/yellow_stained_glass_pane_top.svg,,28,28,6,4,25,28
images/svg/textures/block/purpur_block.svg,プルプァブロック,170,126,170,150,67,170
images/svg/textures/block/jungle_planks.svg,ジャングルの板材,160,115,81,13,128,160
images/svg/textures/block/horn_coral.svg,シカツノサンゴ,82,73,25,10,70,82
images/svg/textures/block/bone_block_side.svg,,229,226,208,25,24,229
images/svg/textures/block/pink_wool.svg,桃色の羊毛,238,141,172,170,104,238
images/svg/textures/block/horn_coral_fan.svg,シカツノウチワサンゴ,76,67,22,9,66,76
images/svg/textures/block/acacia_trapdoor.svg,アカシアのトラップドア,120,67,39,7,128,120
images/svg/textures/block/lapis_block.svg,ラピスラズリブロック,31,67,140,110,199,140
images/svg/textures/block/twisting_vines_plant.svg,ねじれツタのつる,7,48,43,31,76,49
images/svg/textures/block/daylight_detector_top.svg,,131,116,95,18,87,131
images/svg/textures/block/barrel_top.svg,,135,101,58,16,143,135
images/svg/textures/block/stonecutter_bottom.svg,,118,118,118,49,1,118
images/svg/textures/block/redstone_torch_off.svg,,8,5,3,1,12,8
images/svg/textures/block/sculk_shrieker_bottom.svg,,13,28,34,101,140,34
images/svg/textures/block/wheat_stage4.svg,,11,41,6,16,72,41
images/svg/textures/block/potted_flowering_azalea_bush_side.svg,,25,26,16,13,34,29
images/svg/textures/block/netherrack.svg,ネザーラック,98,38,38,0,157,98
images/svg/textures/block/cauldron_inner.svg,,49,49,53,122,21,53
images/svg/textures/block/large_amethyst_bud.svg,大きなアメジストの芽,49,39,62,39,33,63
images/svg/textures/block/beetroots_stage2.svg,,24,45,14,17,62,47
images/svg/textures/block/glass.svg,ガラス,140,150,151,23,13,151
images/svg/textures/block/beetroots_stage3.svg,,42,42,14,22,90,61
images/svg/textures/block/sculk_shrieker_side.svg,,57,77,72,60,98,81
images/svg/textures/block/wheat_stage5.svg,,26,52,8,19,92,54
images/svg/textures/block/grass_block_top.svg,,147,147,147,0,0,147
images/svg/textures/block/chorus_flower.svg,コーラスフラワー,151,121,152,149,71,152
images/svg/textures/block/jungle_leaves.svg,ジャングルの葉,109,107,100,33,13,110
images/svg/textures/block/raw_gold_block.svg,金の原石ブロック,222,169,47,21,202,222
images/svg/textures/block/stripped_birch_log_top.svg,,191,172,116,22,100,191
images/svg/textures/block/cyan_glazed_terracotta.svg,青緑色の彩釉テラコッタ,52,119,125,97,132,125
images/svg/textures/block/dark_oak_sapling.svg,ダークオークの苗木,26,39,13,17,78,44
images/svg/textures/block/slime_block.svg,スライムブロック,112,192,92,54,134,192
images/svg/textures/block/brewing_stand_base.svg,,117,106,106,0,24,117
images/svg/textures/block/cyan_stained_glass_pane_top.svg,,9,15,18,12,16,18
images/svg/textures/block/dead_brain_coral_block.svg,死んだノウサンゴブロック,124,118,114,10,20,124
images/svg/textures/block/sand.svg,砂,219,207,163,24,65,219
images/svg/textures/block/purple_terracotta.svg,紫色のテラコッタ,118,70,86,170,104,118
images/svg/textures/block/light_blue_glazed_terracotta.svg,空色の彩釉テラコッタ,95,165,209,100,148,209
images/svg/textures/block/bamboo_stalk.svg,,94,144,20,43,225,144
images/svg/textures/block/enchanting_table_bottom.svg,,15,11,25,127,182,25
images/svg/textures/block/spruce_door_top.svg,,106,80,49,15,136,106
images/svg/textures/block/destroy_stage_3.svg,,238,238,238,0,0,238
images/svg/textures/block/cake_inner.svg,,58,37,26,6,71,58
images/svg/textures/block/oak_door_top.svg,,114,90,54,17,112,115
images/svg/textures/block/lime_stained_glass_pane_top.svg,,15,25,3,5,28,25
images/svg/textures/block/destroy_stage_7.svg,,195,195,195,0,0,195
images/svg/textures/block/muddy_mangrove_roots_side.svg,,68,59,48,49,80,70
images/svg/textures/block/deepslate_diamond_ore.svg,深層ダイヤモンド鉱石,83,106,107,54,41,108
images/svg/textures/block/cyan_terracotta.svg,青緑色のテラコッタ,87,91,91,89,13,91
images/svg/textures/block/smoker_front_on.svg,,119,97,67,16,99,119
images/svg/textures/block/dark_oak_log.svg,ダークオークの原木,60,47,26,18,145,60
images/svg/textures/block/brown_candle.svg,茶色のろうそく,243,240,237,1,13,243
images/svg/textures/block/vine.svg,ツタ,66,66,66,0,0,66
images/svg/textures/block/purpur_pillar.svg,プルプァの柱,172,130,172,150,64,172
images/svg/textures/block/jungle_door_bottom.svg,,158,114,79,13,129,158
images/svg/textures/block/light_blue_concrete_powder.svg,空色のコンクリートパウダー,74,181,213,97,166,213
images/svg/textures/block/mushroom_stem.svg,キノコの柄,203,197,186,19,22,203
images/svg/textures/block/damaged_anvil_top.svg,,45,45,45,0,0,45
images/svg/textures/block/chain_command_block_front.svg,,132,165,151,86,60,169
images/svg/textures/block/blackstone.svg,ブラックストーン,42,36,41,114,70,45
images/svg/textures/block/birch_sapling.svg,シラカバの苗木,49,62,30,16,52,62
images/svg/textures/block/yellow_candle.svg,黄色のろうそく,251,248,238,2,16,251
images/svg/textures/block/smithing_table_front.svg,,57,37,39,61,100,61
images/svg/textures/block/dragon_egg.svg,ドラゴンの卵,13,9,16,93,76,16
images/svg/textures/block/orange_concrete_powder.svg,橙色のコンクリートパウダー,227,132,32,15,219,227
images/svg/textures/block/composter_top.svg,,210,187,166,6,74,210
images/svg/textures/block/yellow_glazed_terracotta.svg,黄色の彩釉テラコッタ,234,192,89,21,159,234
images/svg/textures/block/pointed_dripstone_down_tip.svg,,28,23,19,2,17,28
images/svg/textures/block/purple_wool.svg,紫色の羊毛,122,42,173,138,193,173
images/svg/textures/block/wheat_stage1.svg,,0,8,0,4,15,8
images/svg/textures/block/grindstone_round.svg,,53,53,53,0,0,53
images/svg/textures/block/honey_block_side.svg,,251,188,58,21,196,251
images/svg/textures/block/end_stone_bricks.svg,エンドストーンレンガ,218,224,162,32,72,225
images/svg/textures/block/honeycomb_block.svg,ハニカムブロック,229,148,30,18,224,229
images/svg/textures/block/rail.svg,レール,71,63,50,11,46,71
images/svg/textures/block/spruce_log_top.svg,,109,80,47,16,145,109
images/svg/textures/block/jungle_log_top.svg,,150,109,71,15,140,150
images/svg/textures/block/sandstone_top.svg,,224,214,170,24,61,224
images/svg/textures/block/blue_orchid.svg,ヒスイラン,8,28,29,14,36,36
images/svg/textures/block/candle_lit.svg,,19,17,14,2,6,19
images/svg/textures/block/black_stained_glass_pane_top.svg,,3,3,3,0,0,3
images/svg/textures/block/beehive_front.svg,,159,128,78,19,132,159
images/svg/textures/block/hay_block_top.svg,,166,139,12,25,235,166
images/svg/textures/block/detector_rail_on.svg,,84,63,54,10,51,84
images/svg/textures/block/crimson_stem.svg,真紅の幹,93,26,30,70,182,93
images/svg/textures/block/white_glazed_terracotta.svg,白色の彩釉テラコッタ,188,212,203,74,94,238
images/svg/textures/block/oak_door_bottom.svg,,139,108,62,19,141,139
images/svg/textures/block/quartz_block_bottom.svg,,237,230,224,15,14,237
images/svg/textures/block/beehive_end.svg,,181,146,90,18,128,181
images/svg/textures/block/bell_side.svg,,57,52,22,6,36,57
images/svg/textures/block/wheat_stage0.svg,,0,3,0,2,7,3
images/svg/textures/block/blast_furnace_top.svg,,81,80,81,24,4,81
images/svg/textures/block/gray_candle_lit.svg,,10,10,9,6,5,11
images/svg/textures/block/scaffolding_bottom.svg,,231,216,173,12,71,231
images/svg/textures/block/sculk_sensor_bottom.svg,,13,28,34,101,140,34
images/svg/textures/block/crimson_nylium_side.svg,,107,27,27,0,191,107
images/svg/textures/block/lime_concrete_powder.svg,黄緑色のコンクリートパウダー,125,189,42,43,199,189
images/svg/textures/block/cauldron_side.svg,,74,73,75,38,8,75
images/svg/textures/block/dead_horn_coral_block.svg,死んだシカツノサンゴブロック,134,126,122,11,22,134
images/svg/textures/block/poppy.svg,ポピー,19,12,5,9,32,24
images/svg/textures/block/smoker_side.svg,,103,92,76,9,69,103
images/svg/textures/block/spruce_door_bottom.svg,,106,80,49,15,139,106
images/svg/textures/block/cracked_deepslate_tiles.svg,ひび割れた深層岩タイル,53,53,53,9,2,53
images/svg/textures/block/conduit.svg,コンジット,201,190,175,10,45,201
images/svg/textures/block/water_still.svg,,177,177,177,0,0,177
images/svg/textures/block/stripped_jungle_log.svg,樹皮を剥いだジャングルの原木,171,133,85,17,130,171
images/svg/textures/block/cauldron_top.svg,,45,44,45,25,5,46
images/svg/textures/block/tinted_glass.svg,遮光ガラス,44,39,46,141,35,46
images/svg/textures/block/piston_top.svg,,153,128,85,16,121,153
images/svg/textures/block/bone_block_top.svg,,210,206,179,26,37,210
images/svg/textures/block/destroy_stage_6.svg,,213,213,213,0,0,213
images/svg/textures/block/light_blue_shulker_box.svg,空色のシュルカーボックス,49,164,212,99,196,212
images/svg/textures/block/piston_bottom.svg,,97,97,97,0,1,97
images/svg/textures/block/fletching_table_front.svg,,173,155,111,19,98,173
images/svg/textures/block/granite.svg,花崗岩,149,103,86,8,109,149
images/svg/textures/block/destroy_stage_4.svg,,231,231,231,0,0,231
images/svg/textures/block/jigsaw_lock.svg,,45,38,47,97,50,47
images/svg/textures/block/activator_rail.svg,アクティベーターレール,70,53,45,9,68,71
images/svg/textures/block/chipped_anvil_top.svg,,46,46,46,0,0,46
images/svg/textures/block/flower_pot.svg,植木鉢,24,13,10,1,28,24
images/svg/textures/block/budding_amethyst.svg,芽生えたアメジスト,132,96,187,133,129,188
images/svg/textures/block/light_blue_concrete.svg,空色のコンクリート,36,137,199,101,209,199
images/svg/textures/block/crafting_table_side.svg,,129,103,63,17,134,129
images/svg/textures/block/birch_leaves.svg,シラカバの葉,73,73,73,47,2,74
images/svg/textures/block/tube_coral_block.svg,クダサンゴブロック,49,87,207,113,195,207
images/svg/textures/block/powered_rail_on.svg,,104,74,50,12,80,104
images/svg/textures/block/weeping_vines.svg,しだれツタ,11,0,0,0,28,11
images/svg/textures/block/black_candle_lit.svg,,6,4,4,9,9,7
images/svg/textures/block/wheat_stage2.svg,,1,17,2,8,31,17
images/svg/textures/block/lectern_base.svg,,163,121,74,16,140,163
images/svg/textures/block/blue_candle.svg,青色のろうそく,239,240,247,9,13,247
images/svg/textures/block/repeating_command_block_conditional.svg,,127,109,172,129,93,173
images/svg/textures/block/amethyst_block.svg,アメジストブロック,134,98,191,132,127,192
images/svg/textures/block/red_concrete.svg,赤色のコンクリート,142,33,33,0,196,142
images/svg/textures/block/tall_grass_top.svg,,53,53,53,49,1,53
images/svg/textures/block/quartz_bricks.svg,クォーツレンガ,235,229,222,16,14,235
images/svg/textures/block/redstone_dust_overlay.svg,,0,0,0,0,0,0
images/svg/textures/block/cracked_stone_bricks.svg,ひび割れた石レンガ,118,118,118,79,3,119
images/svg/textures/block/flowering_azalea_top.svg,,112,122,64,52,153,133
images/svg/textures/block/glass_pane_top.svg,,21,26,27,12,7,27
images/svg/textures/block/hopper_top.svg,,46,45,46,22,4,47
images/svg/textures/block/podzol_side.svg,,123,88,57,14,139,123
images/svg/textures/block/pink_stained_glass_pane_top.svg,,29,15,20,21,15,29
images/svg/textures/block/wheat_stage3.svg,,2,30,3,14,55,30
images/svg/textures/block/black_concrete.svg,黒色のコンクリート,8,10,15,111,117,15
images/svg/textures/block/light_gray_shulker_box.svg,薄灰色のシュルカーボックス,124,124,115,30,19,124
images/svg/textures/block/pink_candle_lit.svg,,18,11,12,10,9,18
images/svg/textures/block/tube_coral.svg,クダサンゴ,28,50,118,68,116,118
images/svg/textures/block/orange_concrete.svg,橙色のコンクリート,224,97,1,13,254,224
images/svg/textures/block/bookshelf.svg,本棚,117,95,60,29,167,134
images/svg/textures/block/small_dripleaf_stem_top.svg,,13,17,6,5,21,17
images/svg/textures/block/bee_nest_front_honey.svg,,195,152,76,18,151,195
images/svg/textures/block/structure_block_save.svg,,86,72,88,104,42,88
images/svg/textures/block/iron_trapdoor.svg,鉄のトラップドア,174,174,174,0,1,174
images/svg/textures/block/jungle_door_top.svg,,144,106,75,12,108,144
images/svg/textures/block/verdant_froglight_side.svg,,211,235,208,59,31,235
images/svg/textures/block/bamboo_stage0.svg,,215,215,201,7,43,218
images/svg/textures/block/birch_planks.svg,シラカバの板材,192,175,121,23,94,192
images/svg/textures/block/magenta_shulker_box.svg,赤紫色のシュルカーボックス,174,54,164,153,176,174
images/svg/textures/block/soul_soil.svg,ソウルソイル,76,58,47,11,98,76
images/svg/textures/block/magenta_candle_lit.svg,,15,6,13,13,13,15
images/svg/textures/block/destroy_stage_5.svg,,222,222,222,0,0,222
images/svg/textures/block/large_fern_top.svg,,51,51,51,37,2,51
images/svg/textures/block/diamond_ore.svg,ダイヤモンド鉱石,121,141,141,20,27,142
