images/svg/textures/block/ladder.svg,-1,-1,-1,-1,-1,-1
images/svg/textures/block/polished_granite.svg,-1,-1,-1,-1,-1,-1
images/svg/textures/block/black_shulker_box.svg,-1,-1,-1,-1,-1,-1
images/svg/textures/block/daylight_detector_inverted_top.svg,-1,-1,-1,-1,-1,-1
images/svg/textures/block/sea_lantern.svg,-1,-1,-1,-1,-1,-1
images/svg/textures/block/deepslate_bricks.svg,-1,-1,-1,-1,-1,-1
images/svg/textures/block/glow_lichen.svg,-1,-1,-1,-1,-1,-1
images/svg/textures/block/redstone_torch.svg,-1,-1,-1,-1,-1,-1
images/svg/textures/block/oak_log_top.svg,-1,-1,-1,-1,-1,-1
images/svg/textures/block/smithing_table_top.svg,-1,-1,-1,-1,-1,-1
images/svg/textures/block/bee_nest_side.svg,-1,-1,-1,-1,-1,-1
images/svg/textures/block/weathered_copper.svg,-1,-1,-1,-1,-1,-1
images/svg/textures/block/chiseled_red_sandstone.svg,-1,-1,-1,-1,-1,-1
images/svg/textures/block/observer_back_on.svg,-1,-1,-1,-1,-1,-1
images/svg/textures/block/scaffolding_side.svg,-1,-1,-1,-1,-1,-1
images/svg/textures/block/terracotta.svg,-1,-1,-1,-1,-1,-1
images/svg/textures/block/birch_door_bottom.svg,-1,-1,-1,-1,-1,-1
images/svg/textures/block/raw_copper_block.svg,-1,-1,-1,-1,-1,-1
images/svg/textures/block/sculk_shrieker_can_summon_inner_top.svg,-1,-1,-1,-1,-1,-1
images/svg/textures/block/fire_coral_fan.svg,-1,-1,-1,-1,-1,-1
images/svg/textures/block/pink_glazed_terracotta.svg,-1,-1,-1,-1,-1,-1
images/svg/textures/block/gray_terracotta.svg,-1,-1,-1,-1,-1,-1
images/svg/textures/block/red_nether_bricks.svg,-1,-1,-1,-1,-1,-1
images/svg/textures/block/spawner.svg,-1,-1,-1,-1,-1,-1
images/svg/textures/block/lantern.svg,-1,-1,-1,-1,-1,-1
images/svg/textures/block/allium.svg,-1,-1,-1,-1,-1,-1
images/svg/textures/block/dark_prismarine.svg,-1,-1,-1,-1,-1,-1
images/svg/textures/block/debug.svg,-1,-1,-1,-1,-1,-1
images/svg/textures/block/warped_roots.svg,-1,-1,-1,-1,-1,-1
images/svg/textures/block/bell_top.svg,-1,-1,-1,-1,-1,-1
images/svg/textures/block/anvil_top.svg,-1,-1,-1,-1,-1,-1
images/svg/textures/block/mushroom_block_inside.svg,-1,-1,-1,-1,-1,-1
images/svg/textures/block/wet_sponge.svg,-1,-1,-1,-1,-1,-1
images/svg/textures/block/yellow_concrete_powder.svg,-1,-1,-1,-1,-1,-1
images/svg/textures/block/chain_command_block_conditional.svg,-1,-1,-1,-1,-1,-1
images/svg/textures/block/mangrove_log.svg,-1,-1,-1,-1,-1,-1
images/svg/textures/block/prismarine.svg,-1,-1,-1,-1,-1,-1
images/svg/textures/block/shulker_box.svg,-1,-1,-1,-1,-1,-1
images/svg/textures/block/purple_concrete.svg,-1,-1,-1,-1,-1,-1
images/svg/textures/block/loom_top.svg,-1,-1,-1,-1,-1,-1
images/svg/textures/block/iron_ore.svg,-1,-1,-1,-1,-1,-1
images/svg/textures/block/gilded_blackstone.svg,-1,-1,-1,-1,-1,-1
images/svg/textures/block/cobblestone.svg,-1,-1,-1,-1,-1,-1
images/svg/textures/block/chiseled_quartz_block_top.svg,-1,-1,-1,-1,-1,-1
images/svg/textures/block/cyan_candle_lit.svg,-1,-1,-1,-1,-1,-1
images/svg/textures/block/brown_wool.svg,-1,-1,-1,-1,-1,-1
images/svg/textures/block/dried_kelp_bottom.svg,-1,-1,-1,-1,-1,-1
images/svg/textures/block/white_concrete_powder.svg,-1,-1,-1,-1,-1,-1
images/svg/textures/block/lodestone_top.svg,-1,-1,-1,-1,-1,-1
images/svg/textures/block/beehive_side.svg,-1,-1,-1,-1,-1,-1
images/svg/textures/block/packed_mud.svg,-1,-1,-1,-1,-1,-1
images/svg/textures/block/big_dripleaf_top.svg,-1,-1,-1,-1,-1,-1
images/svg/textures/block/lectern_sides.svg,-1,-1,-1,-1,-1,-1
images/svg/textures/block/sculk_sensor_top.svg,-1,-1,-1,-1,-1,-1
images/svg/textures/block/warped_door_bottom.svg,-1,-1,-1,-1,-1,-1
images/svg/textures/block/mud.svg,-1,-1,-1,-1,-1,-1
images/svg/textures/block/lilac_bottom.svg,-1,-1,-1,-1,-1,-1
images/svg/textures/block/end_portal_frame_eye.svg,-1,-1,-1,-1,-1,-1
images/svg/textures/block/smoker_bottom.svg,-1,-1,-1,-1,-1,-1
images/svg/textures/block/soul_torch.svg,-1,-1,-1,-1,-1,-1
images/svg/textures/block/polished_blackstone_bricks.svg,-1,-1,-1,-1,-1,-1
images/svg/textures/block/composter_ready.svg,-1,-1,-1,-1,-1,-1
images/svg/textures/block/magenta_terracotta.svg,-1,-1,-1,-1,-1,-1
images/svg/textures/block/crimson_nylium.svg,-1,-1,-1,-1,-1,-1
images/svg/textures/block/enchanting_table_top.svg,-1,-1,-1,-1,-1,-1
images/svg/textures/block/warped_trapdoor.svg,-1,-1,-1,-1,-1,-1
images/svg/textures/block/brown_stained_glass_pane_top.svg,-1,-1,-1,-1,-1,-1
images/svg/textures/block/tall_seagrass_bottom.svg,-1,-1,-1,-1,-1,-1
images/svg/textures/block/stripped_oak_log_top.svg,-1,-1,-1,-1,-1,-1
images/svg/textures/block/red_candle.svg,-1,-1,-1,-1,-1,-1
images/svg/textures/block/green_candle.svg,-1,-1,-1,-1,-1,-1
images/svg/textures/block/sculk_catalyst_side_bloom.svg,-1,-1,-1,-1,-1,-1
images/svg/textures/block/spruce_planks.svg,-1,-1,-1,-1,-1,-1
images/svg/textures/block/dispenser_front_vertical.svg,-1,-1,-1,-1,-1,-1
images/svg/textures/block/dropper_front_vertical.svg,-1,-1,-1,-1,-1,-1
images/svg/textures/block/repeater.svg,-1,-1,-1,-1,-1,-1
images/svg/textures/block/azalea_top.svg,-1,-1,-1,-1,-1,-1
images/svg/textures/block/snow.svg,-1,-1,-1,-1,-1,-1
images/svg/textures/block/redstone_lamp.svg,-1,-1,-1,-1,-1,-1
images/svg/textures/block/chiseled_stone_bricks.svg,-1,-1,-1,-1,-1,-1
images/svg/textures/block/cobbled_deepslate.svg,-1,-1,-1,-1,-1,-1
images/svg/textures/block/peony_top.svg,-1,-1,-1,-1,-1,-1
images/svg/textures/block/beacon.svg,-1,-1,-1,-1,-1,-1
images/svg/textures/block/brain_coral_block.svg,-1,-1,-1,-1,-1,-1
images/svg/textures/block/chiseled_nether_bricks.svg,-1,-1,-1,-1,-1,-1
images/svg/textures/block/mycelium_top.svg,-1,-1,-1,-1,-1,-1
images/svg/textures/block/pink_terracotta.svg,-1,-1,-1,-1,-1,-1
images/svg/textures/block/gravel.svg,-1,-1,-1,-1,-1,-1
images/svg/textures/block/reinforced_deepslate_side.svg,-1,-1,-1,-1,-1,-1
images/svg/textures/block/gold_block.svg,-1,-1,-1,-1,-1,-1
images/svg/textures/block/warped_planks.svg,-1,-1,-1,-1,-1,-1
images/svg/textures/block/chorus_plant.svg,-1,-1,-1,-1,-1,-1
images/svg/textures/block/dead_horn_coral_fan.svg,-1,-1,-1,-1,-1,-1
images/svg/textures/block/bubble_coral_fan.svg,-1,-1,-1,-1,-1,-1
images/svg/textures/block/green_concrete.svg,-1,-1,-1,-1,-1,-1
images/svg/textures/block/dead_fire_coral.svg,-1,-1,-1,-1,-1,-1
images/svg/textures/block/turtle_egg.svg,-1,-1,-1,-1,-1,-1
images/svg/textures/block/cyan_candle.svg,-1,-1,-1,-1,-1,-1
images/svg/textures/block/green_concrete_powder.svg,-1,-1,-1,-1,-1,-1
images/svg/textures/block/repeater_on.svg,-1,-1,-1,-1,-1,-1
images/svg/textures/block/deepslate_gold_ore.svg,-1,-1,-1,-1,-1,-1
images/svg/textures/block/black_terracotta.svg,-1,-1,-1,-1,-1,-1
images/svg/textures/block/birch_door_top.svg,-1,-1,-1,-1,-1,-1
images/svg/textures/block/spore_blossom_base.svg,-1,-1,-1,-1,-1,-1
images/svg/textures/block/polished_deepslate.svg,-1,-1,-1,-1,-1,-1
images/svg/textures/block/tnt_bottom.svg,-1,-1,-1,-1,-1,-1
images/svg/textures/block/turtle_egg_slightly_cracked.svg,-1,-1,-1,-1,-1,-1
images/svg/textures/block/basalt_side.svg,-1,-1,-1,-1,-1,-1
images/svg/textures/block/command_block_front.svg,-1,-1,-1,-1,-1,-1
images/svg/textures/block/blue_wool.svg,-1,-1,-1,-1,-1,-1
images/svg/textures/block/magma.svg,-1,-1,-1,-1,-1,-1
images/svg/textures/block/spruce_leaves.svg,-1,-1,-1,-1,-1,-1
images/svg/textures/block/smooth_basalt.svg,-1,-1,-1,-1,-1,-1
images/svg/textures/block/exposed_copper.svg,-1,-1,-1,-1,-1,-1
images/svg/textures/block/dead_bubble_coral.svg,-1,-1,-1,-1,-1,-1
images/svg/textures/block/sculk.svg,-1,-1,-1,-1,-1,-1
images/svg/textures/block/calcite.svg,-1,-1,-1,-1,-1,-1
images/svg/textures/block/sunflower_bottom.svg,-1,-1,-1,-1,-1,-1
images/svg/textures/block/red_sandstone_bottom.svg,-1,-1,-1,-1,-1,-1
images/svg/textures/block/cartography_table_side2.svg,-1,-1,-1,-1,-1,-1
images/svg/textures/block/carrots_stage1.svg,-1,-1,-1,-1,-1,-1
images/svg/textures/block/redstone_lamp_on.svg,-1,-1,-1,-1,-1,-1
images/svg/textures/block/deepslate_tiles.svg,-1,-1,-1,-1,-1,-1
images/svg/textures/block/white_concrete.svg,-1,-1,-1,-1,-1,-1
images/svg/textures/block/rose_bush_top.svg,-1,-1,-1,-1,-1,-1
images/svg/textures/block/polished_blackstone.svg,-1,-1,-1,-1,-1,-1
images/svg/textures/block/lime_shulker_box.svg,-1,-1,-1,-1,-1,-1
images/svg/textures/block/sponge.svg,-1,-1,-1,-1,-1,-1
images/svg/textures/block/composter_bottom.svg,-1,-1,-1,-1,-1,-1
images/svg/textures/block/gray_stained_glass_pane_top.svg,-1,-1,-1,-1,-1,-1
images/svg/textures/block/sweet_berry_bush_stage2.svg,-1,-1,-1,-1,-1,-1
images/svg/textures/block/sugar_cane.svg,-1,-1,-1,-1,-1,-1
images/svg/textures/block/warped_fungus.svg,-1,-1,-1,-1,-1,-1
images/svg/textures/block/smithing_table_side.svg,-1,-1,-1,-1,-1,-1
images/svg/textures/block/gray_concrete.svg,-1,-1,-1,-1,-1,-1
images/svg/textures/block/lever.svg,-1,-1,-1,-1,-1,-1
images/svg/textures/block/tnt_side.svg,-1,-1,-1,-1,-1,-1
images/svg/textures/block/cut_red_sandstone.svg,-1,-1,-1,-1,-1,-1
images/svg/textures/block/deepslate_lapis_ore.svg,-1,-1,-1,-1,-1,-1
images/svg/textures/block/cracked_deepslate_bricks.svg,-1,-1,-1,-1,-1,-1
images/svg/textures/block/command_block_conditional.svg,-1,-1,-1,-1,-1,-1
images/svg/textures/block/end_portal_frame_top.svg,-1,-1,-1,-1,-1,-1
images/svg/textures/block/stone_bricks.svg,-1,-1,-1,-1,-1,-1
images/svg/textures/block/loom_bottom.svg,-1,-1,-1,-1,-1,-1
images/svg/textures/block/candle.svg,-1,-1,-1,-1,-1,-1
images/svg/textures/block/light_blue_terracotta.svg,-1,-1,-1,-1,-1,-1
images/svg/textures/block/hay_block_side.svg,-1,-1,-1,-1,-1,-1
images/svg/textures/block/mud_bricks.svg,-1,-1,-1,-1,-1,-1
images/svg/textures/block/pointed_dripstone_up_tip.svg,-1,-1,-1,-1,-1,-1
images/svg/textures/block/sweet_berry_bush_stage3.svg,-1,-1,-1,-1,-1,-1
images/svg/textures/block/medium_amethyst_bud.svg,-1,-1,-1,-1,-1,-1
images/svg/textures/block/light_blue_candle.svg,-1,-1,-1,-1,-1,-1
images/svg/textures/block/end_rod.svg,-1,-1,-1,-1,-1,-1
images/svg/textures/block/white_stained_glass_pane_top.svg,-1,-1,-1,-1,-1,-1
images/svg/textures/block/sculk_catalyst_side.svg,-1,-1,-1,-1,-1,-1
images/svg/textures/block/cyan_shulker_box.svg,-1,-1,-1,-1,-1,-1
images/svg/textures/block/cave_vines_plant.svg,-1,-1,-1,-1,-1,-1
images/svg/textures/block/white_tulip.svg,-1,-1,-1,-1,-1,-1
images/svg/textures/block/big_dripleaf_stem.svg,-1,-1,-1,-1,-1,-1
images/svg/textures/block/end_portal_frame_side.svg,-1,-1,-1,-1,-1,-1
images/svg/textures/block/acacia_sapling.svg,-1,-1,-1,-1,-1,-1
images/svg/textures/block/carrots_stage0.svg,-1,-1,-1,-1,-1,-1
images/svg/textures/block/cartography_table_side3.svg,-1,-1,-1,-1,-1,-1
images/svg/textures/block/debug2.svg,-1,-1,-1,-1,-1,-1
images/svg/textures/block/furnace_front.svg,-1,-1,-1,-1,-1,-1
images/svg/textures/block/yellow_wool.svg,-1,-1,-1,-1,-1,-1
images/svg/textures/block/small_amethyst_bud.svg,-1,-1,-1,-1,-1,-1
images/svg/textures/block/cave_vines_lit.svg,-1,-1,-1,-1,-1,-1
images/svg/textures/block/azure_bluet.svg,-1,-1,-1,-1,-1,-1
images/svg/textures/block/bamboo_singleleaf.svg,-1,-1,-1,-1,-1,-1
images/svg/textures/block/melon_side.svg,-1,-1,-1,-1,-1,-1
images/svg/textures/block/beehive_front_honey.svg,-1,-1,-1,-1,-1,-1
images/svg/textures/block/bee_nest_front.svg,-1,-1,-1,-1,-1,-1
images/svg/textures/block/stripped_dark_oak_log_top.svg,-1,-1,-1,-1,-1,-1
images/svg/textures/block/cartography_table_side1.svg,-1,-1,-1,-1,-1,-1
images/svg/textures/block/carrots_stage2.svg,-1,-1,-1,-1,-1,-1
images/svg/textures/block/pink_candle.svg,-1,-1,-1,-1,-1,-1
images/svg/textures/block/deepslate_top.svg,-1,-1,-1,-1,-1,-1
images/svg/textures/block/purple_candle_lit.svg,-1,-1,-1,-1,-1,-1
images/svg/textures/block/dirt_path_side.svg,-1,-1,-1,-1,-1,-1
images/svg/textures/block/sweet_berry_bush_stage1.svg,-1,-1,-1,-1,-1,-1
images/svg/textures/block/orange_candle.svg,-1,-1,-1,-1,-1,-1
images/svg/textures/block/brown_concrete.svg,-1,-1,-1,-1,-1,-1
images/svg/textures/block/nether_quartz_ore.svg,-1,-1,-1,-1,-1,-1
images/svg/textures/block/repeating_command_block_front.svg,-1,-1,-1,-1,-1,-1
images/svg/textures/block/white_stained_glass.svg,-1,-1,-1,-1,-1,-1
images/svg/textures/block/cut_sandstone.svg,-1,-1,-1,-1,-1,-1
images/svg/textures/block/pink_tulip.svg,-1,-1,-1,-1,-1,-1
images/svg/textures/block/coal_block.svg,-1,-1,-1,-1,-1,-1
images/svg/textures/block/cyan_stained_glass.svg,-1,-1,-1,-1,-1,-1
images/svg/textures/block/crimson_door_bottom.svg,-1,-1,-1,-1,-1,-1
images/svg/textures/block/sculk_catalyst_bottom.svg,-1,-1,-1,-1,-1,-1
images/svg/textures/block/lapis_ore.svg,-1,-1,-1,-1,-1,-1
images/svg/textures/block/sweet_berry_bush_stage0.svg,-1,-1,-1,-1,-1,-1
images/svg/textures/block/coal_ore.svg,-1,-1,-1,-1,-1,-1
images/svg/textures/block/lime_concrete.svg,-1,-1,-1,-1,-1,-1
images/svg/textures/block/torch.svg,-1,-1,-1,-1,-1,-1
images/svg/textures/block/coarse_dirt.svg,-1,-1,-1,-1,-1,-1
images/svg/textures/block/blast_furnace_front_on.svg,-1,-1,-1,-1,-1,-1
images/svg/textures/block/mangrove_door_top.svg,-1,-1,-1,-1,-1,-1
images/svg/textures/block/birch_log.svg,-1,-1,-1,-1,-1,-1
images/svg/textures/block/orange_glazed_terracotta.svg,-1,-1,-1,-1,-1,-1
images/svg/textures/block/chain.svg,-1,-1,-1,-1,-1,-1
images/svg/textures/block/carrots_stage3.svg,-1,-1,-1,-1,-1,-1
images/svg/textures/block/chiseled_polished_blackstone.svg,-1,-1,-1,-1,-1,-1
images/svg/textures/block/cyan_wool.svg,-1,-1,-1,-1,-1,-1
images/svg/textures/block/note_block.svg,-1,-1,-1,-1,-1,-1
images/svg/textures/block/stripped_acacia_log.svg,-1,-1,-1,-1,-1,-1
images/svg/textures/block/dark_oak_door_top.svg,-1,-1,-1,-1,-1,-1
images/svg/textures/block/light_blue_wool.svg,-1,-1,-1,-1,-1,-1
images/svg/textures/block/frosted_ice_2.svg,-1,-1,-1,-1,-1,-1
images/svg/textures/block/cactus_top.svg,-1,-1,-1,-1,-1,-1
images/svg/textures/block/blast_furnace_side.svg,-1,-1,-1,-1,-1,-1
images/svg/textures/block/furnace_top.svg,-1,-1,-1,-1,-1,-1
images/svg/textures/block/lime_candle_lit.svg,-1,-1,-1,-1,-1,-1
images/svg/textures/block/bamboo_small_leaves.svg,-1,-1,-1,-1,-1,-1
images/svg/textures/block/redstone_ore.svg,-1,-1,-1,-1,-1,-1
images/svg/textures/block/fire_1.svg,-1,-1,-1,-1,-1,-1
images/svg/textures/block/sculk_catalyst_top.svg,-1,-1,-1,-1,-1,-1
images/svg/textures/block/verdant_froglight_top.svg,-1,-1,-1,-1,-1,-1
images/svg/textures/block/warped_wart_block.svg,-1,-1,-1,-1,-1,-1
images/svg/textures/block/pointed_dripstone_down_tip_merge.svg,-1,-1,-1,-1,-1,-1
images/svg/textures/block/tall_seagrass_top.svg,-1,-1,-1,-1,-1,-1
images/svg/textures/block/respawn_anchor_side2.svg,-1,-1,-1,-1,-1,-1
images/svg/textures/block/ochre_froglight_side.svg,-1,-1,-1,-1,-1,-1
images/svg/textures/block/diorite.svg,-1,-1,-1,-1,-1,-1
images/svg/textures/block/observer_top.svg,-1,-1,-1,-1,-1,-1
images/svg/textures/block/quartz_block_side.svg,-1,-1,-1,-1,-1,-1
images/svg/textures/block/wither_rose.svg,-1,-1,-1,-1,-1,-1
images/svg/textures/block/yellow_candle_lit.svg,-1,-1,-1,-1,-1,-1
images/svg/textures/block/furnace_side.svg,-1,-1,-1,-1,-1,-1
images/svg/textures/block/tuff.svg,-1,-1,-1,-1,-1,-1
images/svg/textures/block/tube_coral_fan.svg,-1,-1,-1,-1,-1,-1
images/svg/textures/block/command_block_back.svg,-1,-1,-1,-1,-1,-1
images/svg/textures/block/jigsaw_top.svg,-1,-1,-1,-1,-1,-1
images/svg/textures/block/potted_azalea_bush_plant.svg,-1,-1,-1,-1,-1,-1
images/svg/textures/block/smoker_front.svg,-1,-1,-1,-1,-1,-1
images/svg/textures/block/piston_side.svg,-1,-1,-1,-1,-1,-1
images/svg/textures/block/dried_kelp_side.svg,-1,-1,-1,-1,-1,-1
images/svg/textures/block/kelp.svg,-1,-1,-1,-1,-1,-1
images/svg/textures/block/tnt_top.svg,-1,-1,-1,-1,-1,-1
images/svg/textures/block/honey_block_top.svg,-1,-1,-1,-1,-1,-1
images/svg/textures/block/bamboo_large_leaves.svg,-1,-1,-1,-1,-1,-1
images/svg/textures/block/farmland.svg,-1,-1,-1,-1,-1,-1
images/svg/textures/block/lily_of_the_valley.svg,-1,-1,-1,-1,-1,-1
images/svg/textures/block/moss_block.svg,-1,-1,-1,-1,-1,-1
images/svg/textures/block/orange_stained_glass.svg,-1,-1,-1,-1,-1,-1
images/svg/textures/block/white_candle_lit.svg,-1,-1,-1,-1,-1,-1
images/svg/textures/block/peony_bottom.svg,-1,-1,-1,-1,-1,-1
images/svg/textures/block/white_candle.svg,-1,-1,-1,-1,-1,-1
images/svg/textures/block/sea_pickle.svg,-1,-1,-1,-1,-1,-1
images/svg/textures/block/cocoa_stage2.svg,-1,-1,-1,-1,-1,-1
images/svg/textures/block/rose_bush_bottom.svg,-1,-1,-1,-1,-1,-1
images/svg/textures/block/dandelion.svg,-1,-1,-1,-1,-1,-1
images/svg/textures/block/copper_ore.svg,-1,-1,-1,-1,-1,-1
images/svg/textures/block/muddy_mangrove_roots_top.svg,-1,-1,-1,-1,-1,-1
images/svg/textures/block/quartz_pillar.svg,-1,-1,-1,-1,-1,-1
images/svg/textures/block/gray_concrete_powder.svg,-1,-1,-1,-1,-1,-1
images/svg/textures/block/black_candle.svg,-1,-1,-1,-1,-1,-1
images/svg/textures/block/sculk_sensor_tendril_active.svg,-1,-1,-1,-1,-1,-1
images/svg/textures/block/pointed_dripstone_up_frustum.svg,-1,-1,-1,-1,-1,-1
images/svg/textures/block/furnace_front_on.svg,-1,-1,-1,-1,-1,-1
images/svg/textures/block/respawn_anchor_side3.svg,-1,-1,-1,-1,-1,-1
images/svg/textures/block/iron_door_bottom.svg,-1,-1,-1,-1,-1,-1
images/svg/textures/block/jack_o_lantern.svg,-1,-1,-1,-1,-1,-1
images/svg/textures/block/raw_iron_block.svg,-1,-1,-1,-1,-1,-1
images/svg/textures/block/fire_0.svg,-1,-1,-1,-1,-1,-1
images/svg/textures/block/sunflower_back.svg,-1,-1,-1,-1,-1,-1
images/svg/textures/block/blue_candle_lit.svg,-1,-1,-1,-1,-1,-1
images/svg/textures/block/honey_block_bottom.svg,-1,-1,-1,-1,-1,-1
images/svg/textures/block/crimson_fungus.svg,-1,-1,-1,-1,-1,-1
images/svg/textures/block/frosted_ice_3.svg,-1,-1,-1,-1,-1,-1
images/svg/textures/block/orange_terracotta.svg,-1,-1,-1,-1,-1,-1
images/svg/textures/block/basalt_top.svg,-1,-1,-1,-1,-1,-1
images/svg/textures/block/frosted_ice_1.svg,-1,-1,-1,-1,-1,-1
images/svg/textures/block/purple_concrete_powder.svg,-1,-1,-1,-1,-1,-1
images/svg/textures/block/dried_kelp_top.svg,-1,-1,-1,-1,-1,-1
images/svg/textures/block/item_frame.svg,-1,-1,-1,-1,-1,-1
images/svg/textures/block/red_stained_glass_pane_top.svg,-1,-1,-1,-1,-1,-1
images/svg/textures/block/respawn_anchor_top_off.svg,-1,-1,-1,-1,-1,-1
images/svg/textures/block/dirt.svg,-1,-1,-1,-1,-1,-1
images/svg/textures/block/barrel_bottom.svg,-1,-1,-1,-1,-1,-1
images/svg/textures/block/mangrove_door_bottom.svg,-1,-1,-1,-1,-1,-1
images/svg/textures/block/respawn_anchor_side1.svg,-1,-1,-1,-1,-1,-1
images/svg/textures/block/grindstone_side.svg,-1,-1,-1,-1,-1,-1
images/svg/textures/block/acacia_log_top.svg,-1,-1,-1,-1,-1,-1
images/svg/textures/block/bricks.svg,-1,-1,-1,-1,-1,-1
images/svg/textures/block/obsidian.svg,-1,-1,-1,-1,-1,-1
images/svg/textures/block/oak_log.svg,-1,-1,-1,-1,-1,-1
images/svg/textures/block/glow_item_frame.svg,-1,-1,-1,-1,-1,-1
images/svg/textures/block/dead_fire_coral_block.svg,-1,-1,-1,-1,-1,-1
images/svg/textures/block/mangrove_log_top.svg,-1,-1,-1,-1,-1,-1
images/svg/textures/block/nether_portal.svg,-1,-1,-1,-1,-1,-1
images/svg/textures/block/cocoa_stage0.svg,-1,-1,-1,-1,-1,-1
images/svg/textures/block/mangrove_propagule.svg,-1,-1,-1,-1,-1,-1
images/svg/textures/block/reinforced_deepslate_bottom.svg,-1,-1,-1,-1,-1,-1
images/svg/textures/block/dark_oak_trapdoor.svg,-1,-1,-1,-1,-1,-1
images/svg/textures/block/lily_pad.svg,-1,-1,-1,-1,-1,-1
images/svg/textures/block/deepslate.svg,-1,-1,-1,-1,-1,-1
images/svg/textures/block/mangrove_trapdoor.svg,-1,-1,-1,-1,-1,-1
images/svg/textures/block/respawn_anchor_bottom.svg,-1,-1,-1,-1,-1,-1
images/svg/textures/block/barrel_side.svg,-1,-1,-1,-1,-1,-1
images/svg/textures/block/purpur_pillar_top.svg,-1,-1,-1,-1,-1,-1
images/svg/textures/block/daylight_detector_side.svg,-1,-1,-1,-1,-1,-1
images/svg/textures/block/acacia_planks.svg,-1,-1,-1,-1,-1,-1
images/svg/textures/block/stonecutter_top.svg,-1,-1,-1,-1,-1,-1
images/svg/textures/block/stripped_crimson_stem_top.svg,-1,-1,-1,-1,-1,-1
images/svg/textures/block/polished_andesite.svg,-1,-1,-1,-1,-1,-1
images/svg/textures/block/red_candle_lit.svg,-1,-1,-1,-1,-1,-1
images/svg/textures/block/quartz_block_top.svg,-1,-1,-1,-1,-1,-1
images/svg/textures/block/lodestone_side.svg,-1,-1,-1,-1,-1,-1
images/svg/textures/block/pearlescent_froglight_top.svg,-1,-1,-1,-1,-1,-1
images/svg/textures/block/cocoa_stage1.svg,-1,-1,-1,-1,-1,-1
images/svg/textures/block/enchanting_table_side.svg,-1,-1,-1,-1,-1,-1
images/svg/textures/block/emerald_block.svg,-1,-1,-1,-1,-1,-1
images/svg/textures/block/light_blue_stained_glass_pane_top.svg,-1,-1,-1,-1,-1,-1
images/svg/textures/block/dead_brain_coral_fan.svg,-1,-1,-1,-1,-1,-1
images/svg/textures/block/ochre_froglight_top.svg,-1,-1,-1,-1,-1,-1
images/svg/textures/block/magenta_concrete_powder.svg,-1,-1,-1,-1,-1,-1
images/svg/textures/block/clay.svg,-1,-1,-1,-1,-1,-1
images/svg/textures/block/jungle_log.svg,-1,-1,-1,-1,-1,-1
images/svg/textures/block/respawn_anchor_side0.svg,-1,-1,-1,-1,-1,-1
images/svg/textures/block/green_terracotta.svg,-1,-1,-1,-1,-1,-1
images/svg/textures/block/repeating_command_block_side.svg,-1,-1,-1,-1,-1,-1
images/svg/textures/block/white_wool.svg,-1,-1,-1,-1,-1,-1
images/svg/textures/block/acacia_leaves.svg,-1,-1,-1,-1,-1,-1
images/svg/textures/block/purple_shulker_box.svg,-1,-1,-1,-1,-1,-1
images/svg/textures/block/cactus_side.svg,-1,-1,-1,-1,-1,-1
images/svg/textures/block/soul_campfire_fire.svg,-1,-1,-1,-1,-1,-1
images/svg/textures/block/big_dripleaf_tip.svg,-1,-1,-1,-1,-1,-1
images/svg/textures/block/small_dripleaf_top.svg,-1,-1,-1,-1,-1,-1
images/svg/textures/block/frosted_ice_0.svg,-1,-1,-1,-1,-1,-1
images/svg/textures/block/structure_block_load.svg,-1,-1,-1,-1,-1,-1
images/svg/textures/block/brown_mushroom.svg,-1,-1,-1,-1,-1,-1
images/svg/textures/block/light_gray_candle_lit.svg,-1,-1,-1,-1,-1,-1
images/svg/textures/block/water_overlay.svg,-1,-1,-1,-1,-1,-1
images/svg/textures/block/quartz_pillar_top.svg,-1,-1,-1,-1,-1,-1
images/svg/textures/block/lime_glazed_terracotta.svg,-1,-1,-1,-1,-1,-1
images/svg/textures/block/redstone_dust_dot.svg,-1,-1,-1,-1,-1,-1
images/svg/textures/block/respawn_anchor_side4.svg,-1,-1,-1,-1,-1,-1
images/svg/textures/block/tall_grass_bottom.svg,-1,-1,-1,-1,-1,-1
images/svg/textures/block/pointed_dripstone_up_tip_merge.svg,-1,-1,-1,-1,-1,-1
images/svg/textures/block/stripped_birch_log.svg,-1,-1,-1,-1,-1,-1
images/svg/textures/block/barrel_top_open.svg,-1,-1,-1,-1,-1,-1
images/svg/textures/block/stripped_warped_stem.svg,-1,-1,-1,-1,-1,-1
images/svg/textures/block/potatoes_stage0.svg,-1,-1,-1,-1,-1,-1
images/svg/textures/block/pumpkin_side.svg,-1,-1,-1,-1,-1,-1
images/svg/textures/block/cracked_polished_blackstone_bricks.svg,-1,-1,-1,-1,-1,-1
images/svg/textures/block/stripped_acacia_log_top.svg,-1,-1,-1,-1,-1,-1
images/svg/textures/block/cornflower.svg,-1,-1,-1,-1,-1,-1
images/svg/textures/block/bedrock.svg,-1,-1,-1,-1,-1,-1
images/svg/textures/block/lilac_top.svg,-1,-1,-1,-1,-1,-1
images/svg/textures/block/mycelium_side.svg,-1,-1,-1,-1,-1,-1
images/svg/textures/block/fern.svg,-1,-1,-1,-1,-1,-1
images/svg/textures/block/lectern_front.svg,-1,-1,-1,-1,-1,-1
images/svg/textures/block/light_gray_concrete_powder.svg,-1,-1,-1,-1,-1,-1
images/svg/textures/block/magenta_stained_glass_pane_top.svg,-1,-1,-1,-1,-1,-1
images/svg/textures/block/structure_block_corner.svg,-1,-1,-1,-1,-1,-1
images/svg/textures/block/blast_furnace_front.svg,-1,-1,-1,-1,-1,-1
images/svg/textures/block/light_gray_candle.svg,-1,-1,-1,-1,-1,-1
images/svg/textures/block/netherite_block.svg,-1,-1,-1,-1,-1,-1
images/svg/textures/block/fire_coral.svg,-1,-1,-1,-1,-1,-1
images/svg/textures/block/loom_front.svg,-1,-1,-1,-1,-1,-1
images/svg/textures/block/stripped_mangrove_log.svg,-1,-1,-1,-1,-1,-1
images/svg/textures/block/potatoes_stage1.svg,-1,-1,-1,-1,-1,-1
images/svg/textures/block/magenta_candle.svg,-1,-1,-1,-1,-1,-1
images/svg/textures/block/brown_concrete_powder.svg,-1,-1,-1,-1,-1,-1
images/svg/textures/block/dead_tube_coral_block.svg,-1,-1,-1,-1,-1,-1
images/svg/textures/block/campfire_fire.svg,-1,-1,-1,-1,-1,-1
images/svg/textures/block/crimson_planks.svg,-1,-1,-1,-1,-1,-1
images/svg/textures/block/horn_coral_block.svg,-1,-1,-1,-1,-1,-1
images/svg/textures/block/chain_command_block_side.svg,-1,-1,-1,-1,-1,-1
images/svg/textures/block/observer_side.svg,-1,-1,-1,-1,-1,-1
images/svg/textures/block/pointed_dripstone_down_frustum.svg,-1,-1,-1,-1,-1,-1
images/svg/textures/block/birch_trapdoor.svg,-1,-1,-1,-1,-1,-1
images/svg/textures/block/reinforced_deepslate_top.svg,-1,-1,-1,-1,-1,-1
images/svg/textures/block/sandstone.svg,-1,-1,-1,-1,-1,-1
images/svg/textures/block/destroy_stage_9.svg,-1,-1,-1,-1,-1,-1
images/svg/textures/block/smooth_stone_slab_side.svg,-1,-1,-1,-1,-1,-1
images/svg/textures/block/deepslate_copper_ore.svg,-1,-1,-1,-1,-1,-1
images/svg/textures/block/cyan_concrete.svg,-1,-1,-1,-1,-1,-1
images/svg/textures/block/fletching_table_side.svg,-1,-1,-1,-1,-1,-1
images/svg/textures/block/potatoes_stage3.svg,-1,-1,-1,-1,-1,-1
images/svg/textures/block/smooth_stone.svg,-1,-1,-1,-1,-1,-1
images/svg/textures/block/warped_stem.svg,-1,-1,-1,-1,-1,-1
images/svg/textures/block/melon_top.svg,-1,-1,-1,-1,-1,-1
images/svg/textures/block/sculk_catalyst_top_bloom.svg,-1,-1,-1,-1,-1,-1
images/svg/textures/block/warped_stem_top.svg,-1,-1,-1,-1,-1,-1
images/svg/textures/block/fletching_table_top.svg,-1,-1,-1,-1,-1,-1
images/svg/textures/block/warped_roots_pot.svg,-1,-1,-1,-1,-1,-1
images/svg/textures/block/cake_side.svg,-1,-1,-1,-1,-1,-1
images/svg/textures/block/polished_basalt_side.svg,-1,-1,-1,-1,-1,-1
images/svg/textures/block/flowering_azalea_side.svg,-1,-1,-1,-1,-1,-1
images/svg/textures/block/dripstone_block.svg,-1,-1,-1,-1,-1,-1
images/svg/textures/block/pumpkin_top.svg,-1,-1,-1,-1,-1,-1
images/svg/textures/block/red_sandstone_top.svg,-1,-1,-1,-1,-1,-1
images/svg/textures/block/dirt_path_top.svg,-1,-1,-1,-1,-1,-1
images/svg/textures/block/pink_stained_glass.svg,-1,-1,-1,-1,-1,-1
images/svg/textures/block/lightning_rod.svg,-1,-1,-1,-1,-1,-1
images/svg/textures/block/crafting_table_top.svg,-1,-1,-1,-1,-1,-1
images/svg/textures/block/warped_door_top.svg,-1,-1,-1,-1,-1,-1
images/svg/textures/block/brown_terracotta.svg,-1,-1,-1,-1,-1,-1
images/svg/textures/block/bee_nest_top.svg,-1,-1,-1,-1,-1,-1
images/svg/textures/block/crying_obsidian.svg,-1,-1,-1,-1,-1,-1
images/svg/textures/block/warped_nylium.svg,-1,-1,-1,-1,-1,-1
images/svg/textures/block/blue_concrete.svg,-1,-1,-1,-1,-1,-1
images/svg/textures/block/chiseled_quartz_block.svg,-1,-1,-1,-1,-1,-1
images/svg/textures/block/cake_top.svg,-1,-1,-1,-1,-1,-1
images/svg/textures/block/oxeye_daisy.svg,-1,-1,-1,-1,-1,-1
images/svg/textures/block/chorus_flower_dead.svg,-1,-1,-1,-1,-1,-1
images/svg/textures/block/purple_glazed_terracotta.svg,-1,-1,-1,-1,-1,-1
images/svg/textures/block/green_stained_glass_pane_top.svg,-1,-1,-1,-1,-1,-1
images/svg/textures/block/sculk_sensor_side.svg,-1,-1,-1,-1,-1,-1
images/svg/textures/block/potatoes_stage2.svg,-1,-1,-1,-1,-1,-1
images/svg/textures/block/stripped_spruce_log.svg,-1,-1,-1,-1,-1,-1
images/svg/textures/block/sculk_shrieker_inner_top.svg,-1,-1,-1,-1,-1,-1
images/svg/textures/block/magenta_concrete.svg,-1,-1,-1,-1,-1,-1
images/svg/textures/block/azalea_leaves.svg,-1,-1,-1,-1,-1,-1
images/svg/textures/block/destroy_stage_8.svg,-1,-1,-1,-1,-1,-1
images/svg/textures/block/weathered_cut_copper.svg,-1,-1,-1,-1,-1,-1
images/svg/textures/block/green_stained_glass.svg,-1,-1,-1,-1,-1,-1
images/svg/textures/block/lime_stained_glass.svg,-1,-1,-1,-1,-1,-1
images/svg/textures/block/amethyst_cluster.svg,-1,-1,-1,-1,-1,-1
images/svg/textures/block/crimson_roots.svg,-1,-1,-1,-1,-1,-1
images/svg/textures/block/hanging_roots.svg,-1,-1,-1,-1,-1,-1
images/svg/textures/block/oak_sapling.svg,-1,-1,-1,-1,-1,-1
images/svg/textures/block/iron_bars.svg,-1,-1,-1,-1,-1,-1
images/svg/textures/block/rail_corner.svg,-1,-1,-1,-1,-1,-1
images/svg/textures/block/oxidized_cut_copper.svg,-1,-1,-1,-1,-1,-1
images/svg/textures/block/verdant_froglight_side.svg,-1,-1,-1,-1,-1,-1
images/svg/textures/block/bamboo_stage0.svg,-1,-1,-1,-1,-1,-1
images/svg/textures/block/jungle_door_top.svg,-1,-1,-1,-1,-1,-1
images/svg/textures/block/structure_block_save.svg,-1,-1,-1,-1,-1,-1
images/svg/textures/block/iron_trapdoor.svg,-1,-1,-1,-1,-1,-1
images/svg/textures/block/bee_nest_front_honey.svg,-1,-1,-1,-1,-1,-1
images/svg/textures/block/large_fern_top.svg,-1,-1,-1,-1,-1,-1
images/svg/textures/block/diamond_ore.svg,-1,-1,-1,-1,-1,-1
images/svg/textures/block/destroy_stage_5.svg,-1,-1,-1,-1,-1,-1
images/svg/textures/block/magenta_shulker_box.svg,-1,-1,-1,-1,-1,-1
images/svg/textures/block/soul_soil.svg,-1,-1,-1,-1,-1,-1
images/svg/textures/block/magenta_candle_lit.svg,-1,-1,-1,-1,-1,-1
images/svg/textures/block/birch_planks.svg,-1,-1,-1,-1,-1,-1
images/svg/textures/block/light_gray_shulker_box.svg,-1,-1,-1,-1,-1,-1
images/svg/textures/block/wheat_stage3.svg,-1,-1,-1,-1,-1,-1
images/svg/textures/block/black_concrete.svg,-1,-1,-1,-1,-1,-1
images/svg/textures/block/podzol_side.svg,-1,-1,-1,-1,-1,-1
images/svg/textures/block/pink_stained_glass_pane_top.svg,-1,-1,-1,-1,-1,-1
images/svg/textures/block/hopper_top.svg,-1,-1,-1,-1,-1,-1
images/svg/textures/block/flowering_azalea_top.svg,-1,-1,-1,-1,-1,-1
images/svg/textures/block/glass_pane_top.svg,-1,-1,-1,-1,-1,-1
images/svg/textures/block/redstone_dust_overlay.svg,-1,-1,-1,-1,-1,-1
images/svg/textures/block/cracked_stone_bricks.svg,-1,-1,-1,-1,-1,-1
images/svg/textures/block/quartz_bricks.svg,-1,-1,-1,-1,-1,-1
images/svg/textures/block/small_dripleaf_stem_top.svg,-1,-1,-1,-1,-1,-1
images/svg/textures/block/bookshelf.svg,-1,-1,-1,-1,-1,-1
images/svg/textures/block/orange_concrete.svg,-1,-1,-1,-1,-1,-1
images/svg/textures/block/pink_candle_lit.svg,-1,-1,-1,-1,-1,-1
images/svg/textures/block/tube_coral.svg,-1,-1,-1,-1,-1,-1
images/svg/textures/block/powered_rail_on.svg,-1,-1,-1,-1,-1,-1
images/svg/textures/block/weeping_vines.svg,-1,-1,-1,-1,-1,-1
images/svg/textures/block/crafting_table_side.svg,-1,-1,-1,-1,-1,-1
images/svg/textures/block/birch_leaves.svg,-1,-1,-1,-1,-1,-1
images/svg/textures/block/tube_coral_block.svg,-1,-1,-1,-1,-1,-1
images/svg/textures/block/amethyst_block.svg,-1,-1,-1,-1,-1,-1
images/svg/textures/block/tall_grass_top.svg,-1,-1,-1,-1,-1,-1
images/svg/textures/block/red_concrete.svg,-1,-1,-1,-1,-1,-1
images/svg/textures/block/repeating_command_block_conditional.svg,-1,-1,-1,-1,-1,-1
images/svg/textures/block/blue_candle.svg,-1,-1,-1,-1,-1,-1
images/svg/textures/block/black_candle_lit.svg,-1,-1,-1,-1,-1,-1
images/svg/textures/block/wheat_stage2.svg,-1,-1,-1,-1,-1,-1
images/svg/textures/block/lectern_base.svg,-1,-1,-1,-1,-1,-1
images/svg/textures/block/activator_rail.svg,-1,-1,-1,-1,-1,-1
images/svg/textures/block/destroy_stage_4.svg,-1,-1,-1,-1,-1,-1
images/svg/textures/block/jigsaw_lock.svg,-1,-1,-1,-1,-1,-1
images/svg/textures/block/fletching_table_front.svg,-1,-1,-1,-1,-1,-1
images/svg/textures/block/granite.svg,-1,-1,-1,-1,-1,-1
images/svg/textures/block/light_blue_shulker_box.svg,-1,-1,-1,-1,-1,-1
images/svg/textures/block/piston_bottom.svg,-1,-1,-1,-1,-1,-1
images/svg/textures/block/flower_pot.svg,-1,-1,-1,-1,-1,-1
images/svg/textures/block/budding_amethyst.svg,-1,-1,-1,-1,-1,-1
images/svg/textures/block/light_blue_concrete.svg,-1,-1,-1,-1,-1,-1
images/svg/textures/block/chipped_anvil_top.svg,-1,-1,-1,-1,-1,-1
images/svg/textures/block/stripped_jungle_log.svg,-1,-1,-1,-1,-1,-1
images/svg/textures/block/cauldron_top.svg,-1,-1,-1,-1,-1,-1
images/svg/textures/block/water_still.svg,-1,-1,-1,-1,-1,-1
images/svg/textures/block/cracked_deepslate_tiles.svg,-1,-1,-1,-1,-1,-1
images/svg/textures/block/conduit.svg,-1,-1,-1,-1,-1,-1
images/svg/textures/block/spruce_door_bottom.svg,-1,-1,-1,-1,-1,-1
images/svg/textures/block/smoker_side.svg,-1,-1,-1,-1,-1,-1
images/svg/textures/block/poppy.svg,-1,-1,-1,-1,-1,-1
images/svg/textures/block/destroy_stage_6.svg,-1,-1,-1,-1,-1,-1
images/svg/textures/block/bone_block_top.svg,-1,-1,-1,-1,-1,-1
images/svg/textures/block/piston_top.svg,-1,-1,-1,-1,-1,-1
images/svg/textures/block/tinted_glass.svg,-1,-1,-1,-1,-1,-1
images/svg/textures/block/quartz_block_bottom.svg,-1,-1,-1,-1,-1,-1
images/svg/textures/block/bell_side.svg,-1,-1,-1,-1,-1,-1
images/svg/textures/block/beehive_end.svg,-1,-1,-1,-1,-1,-1
images/svg/textures/block/wheat_stage0.svg,-1,-1,-1,-1,-1,-1
images/svg/textures/block/white_glazed_terracotta.svg,-1,-1,-1,-1,-1,-1
images/svg/textures/block/oak_door_bottom.svg,-1,-1,-1,-1,-1,-1
images/svg/textures/block/crimson_stem.svg,-1,-1,-1,-1,-1,-1
images/svg/textures/block/hay_block_top.svg,-1,-1,-1,-1,-1,-1
images/svg/textures/block/detector_rail_on.svg,-1,-1,-1,-1,-1,-1
images/svg/textures/block/beehive_front.svg,-1,-1,-1,-1,-1,-1
images/svg/textures/block/candle_lit.svg,-1,-1,-1,-1,-1,-1
images/svg/textures/block/black_stained_glass_pane_top.svg,-1,-1,-1,-1,-1,-1
images/svg/textures/block/lime_concrete_powder.svg,-1,-1,-1,-1,-1,-1
images/svg/textures/block/cauldron_side.svg,-1,-1,-1,-1,-1,-1
images/svg/textures/block/dead_horn_coral_block.svg,-1,-1,-1,-1,-1,-1
images/svg/textures/block/crimson_nylium_side.svg,-1,-1,-1,-1,-1,-1
images/svg/textures/block/scaffolding_bottom.svg,-1,-1,-1,-1,-1,-1
images/svg/textures/block/sculk_sensor_bottom.svg,-1,-1,-1,-1,-1,-1
images/svg/textures/block/blast_furnace_top.svg,-1,-1,-1,-1,-1,-1
images/svg/textures/block/gray_candle_lit.svg,-1,-1,-1,-1,-1,-1
images/svg/textures/block/purple_wool.svg,-1,-1,-1,-1,-1,-1
images/svg/textures/block/composter_top.svg,-1,-1,-1,-1,-1,-1
images/svg/textures/block/yellow_glazed_terracotta.svg,-1,-1,-1,-1,-1,-1
images/svg/textures/block/pointed_dripstone_down_tip.svg,-1,-1,-1,-1,-1,-1
images/svg/textures/block/dragon_egg.svg,-1,-1,-1,-1,-1,-1
images/svg/textures/block/orange_concrete_powder.svg,-1,-1,-1,-1,-1,-1
images/svg/textures/block/smithing_table_front.svg,-1,-1,-1,-1,-1,-1
images/svg/textures/block/birch_sapling.svg,-1,-1,-1,-1,-1,-1
images/svg/textures/block/yellow_candle.svg,-1,-1,-1,-1,-1,-1
images/svg/textures/block/jungle_log_top.svg,-1,-1,-1,-1,-1,-1
images/svg/textures/block/sandstone_top.svg,-1,-1,-1,-1,-1,-1
images/svg/textures/block/blue_orchid.svg,-1,-1,-1,-1,-1,-1
images/svg/textures/block/rail.svg,-1,-1,-1,-1,-1,-1
images/svg/textures/block/spruce_log_top.svg,-1,-1,-1,-1,-1,-1
images/svg/textures/block/honeycomb_block.svg,-1,-1,-1,-1,-1,-1
images/svg/textures/block/end_stone_bricks.svg,-1,-1,-1,-1,-1,-1
images/svg/textures/block/grindstone_round.svg,-1,-1,-1,-1,-1,-1
images/svg/textures/block/honey_block_side.svg,-1,-1,-1,-1,-1,-1
images/svg/textures/block/wheat_stage1.svg,-1,-1,-1,-1,-1,-1
images/svg/textures/block/brown_candle.svg,-1,-1,-1,-1,-1,-1
images/svg/textures/block/dark_oak_log.svg,-1,-1,-1,-1,-1,-1
images/svg/textures/block/cyan_terracotta.svg,-1,-1,-1,-1,-1,-1
images/svg/textures/block/smoker_front_on.svg,-1,-1,-1,-1,-1,-1
images/svg/textures/block/destroy_stage_7.svg,-1,-1,-1,-1,-1,-1
images/svg/textures/block/muddy_mangrove_roots_side.svg,-1,-1,-1,-1,-1,-1
images/svg/textures/block/deepslate_diamond_ore.svg,-1,-1,-1,-1,-1,-1
images/svg/textures/block/oak_door_top.svg,-1,-1,-1,-1,-1,-1
images/svg/textures/block/lime_stained_glass_pane_top.svg,-1,-1,-1,-1,-1,-1
images/svg/textures/block/chain_command_block_front.svg,-1,-1,-1,-1,-1,-1
images/svg/textures/block/damaged_anvil_top.svg,-1,-1,-1,-1,-1,-1
images/svg/textures/block/blackstone.svg,-1,-1,-1,-1,-1,-1
images/svg/textures/block/mushroom_stem.svg,-1,-1,-1,-1,-1,-1
images/svg/textures/block/purpur_pillar.svg,-1,-1,-1,-1,-1,-1
images/svg/textures/block/jungle_door_bottom.svg,-1,-1,-1,-1,-1,-1
images/svg/textures/block/light_blue_concrete_powder.svg,-1,-1,-1,-1,-1,-1
images/svg/textures/block/vine.svg,-1,-1,-1,-1,-1,-1
images/svg/textures/block/sand.svg,-1,-1,-1,-1,-1,-1
images/svg/textures/block/spruce_door_top.svg,-1,-1,-1,-1,-1,-1
images/svg/textures/block/destroy_stage_3.svg,-1,-1,-1,-1,-1,-1
images/svg/textures/block/cake_inner.svg,-1,-1,-1,-1,-1,-1
images/svg/textures/block/enchanting_table_bottom.svg,-1,-1,-1,-1,-1,-1
images/svg/textures/block/bamboo_stalk.svg,-1,-1,-1,-1,-1,-1
images/svg/textures/block/light_blue_glazed_terracotta.svg,-1,-1,-1,-1,-1,-1
images/svg/textures/block/purple_terracotta.svg,-1,-1,-1,-1,-1,-1
images/svg/textures/block/raw_gold_block.svg,-1,-1,-1,-1,-1,-1
images/svg/textures/block/stripped_birch_log_top.svg,-1,-1,-1,-1,-1,-1
images/svg/textures/block/jungle_leaves.svg,-1,-1,-1,-1,-1,-1
images/svg/textures/block/wheat_stage5.svg,-1,-1,-1,-1,-1,-1
images/svg/textures/block/grass_block_top.svg,-1,-1,-1,-1,-1,-1
images/svg/textures/block/chorus_flower.svg,-1,-1,-1,-1,-1,-1
images/svg/textures/block/sculk_shrieker_side.svg,-1,-1,-1,-1,-1,-1
images/svg/textures/block/glass.svg,-1,-1,-1,-1,-1,-1
images/svg/textures/block/beetroots_stage3.svg,-1,-1,-1,-1,-1,-1
images/svg/textures/block/dead_brain_coral_block.svg,-1,-1,-1,-1,-1,-1
images/svg/textures/block/cyan_stained_glass_pane_top.svg,-1,-1,-1,-1,-1,-1
images/svg/textures/block/slime_block.svg,-1,-1,-1,-1,-1,-1
images/svg/textures/block/brewing_stand_base.svg,-1,-1,-1,-1,-1,-1
images/svg/textures/block/dark_oak_sapling.svg,-1,-1,-1,-1,-1,-1
images/svg/textures/block/cyan_glazed_terracotta.svg,-1,-1,-1,-1,-1,-1
images/svg/textures/block/barrel_top.svg,-1,-1,-1,-1,-1,-1
images/svg/textures/block/stonecutter_bottom.svg,-1,-1,-1,-1,-1,-1
images/svg/textures/block/daylight_detector_top.svg,-1,-1,-1,-1,-1,-1
images/svg/textures/block/twisting_vines_plant.svg,-1,-1,-1,-1,-1,-1
images/svg/textures/block/lapis_block.svg,-1,-1,-1,-1,-1,-1
images/svg/textures/block/acacia_trapdoor.svg,-1,-1,-1,-1,-1,-1
images/svg/textures/block/horn_coral_fan.svg,-1,-1,-1,-1,-1,-1
images/svg/textures/block/beetroots_stage2.svg,-1,-1,-1,-1,-1,-1
images/svg/textures/block/large_amethyst_bud.svg,-1,-1,-1,-1,-1,-1
images/svg/textures/block/cauldron_inner.svg,-1,-1,-1,-1,-1,-1
images/svg/textures/block/potted_flowering_azalea_bush_side.svg,-1,-1,-1,-1,-1,-1
images/svg/textures/block/netherrack.svg,-1,-1,-1,-1,-1,-1
images/svg/textures/block/wheat_stage4.svg,-1,-1,-1,-1,-1,-1
images/svg/textures/block/sculk_shrieker_bottom.svg,-1,-1,-1,-1,-1,-1
images/svg/textures/block/redstone_torch_off.svg,-1,-1,-1,-1,-1,-1
images/svg/textures/block/stripped_spruce_log_top.svg,-1,-1,-1,-1,-1,-1
images/svg/textures/block/sunflower_front.svg,-1,-1,-1,-1,-1,-1
images/svg/textures/block/stripped_jungle_log_top.svg,-1,-1,-1,-1,-1,-1
images/svg/textures/block/cake_bottom.svg,-1,-1,-1,-1,-1,-1
images/svg/textures/block/lightning_rod_on.svg,-1,-1,-1,-1,-1,-1
images/svg/textures/block/destroy_stage_2.svg,-1,-1,-1,-1,-1,-1
images/svg/textures/block/blue_stained_glass_pane_top.svg,-1,-1,-1,-1,-1,-1
images/svg/textures/block/bone_block_side.svg,-1,-1,-1,-1,-1,-1
images/svg/textures/block/pink_wool.svg,-1,-1,-1,-1,-1,-1
images/svg/textures/block/jungle_planks.svg,-1,-1,-1,-1,-1,-1
images/svg/textures/block/horn_coral.svg,-1,-1,-1,-1,-1,-1
images/svg/textures/block/purpur_block.svg,-1,-1,-1,-1,-1,-1
images/svg/textures/block/yellow_stained_glass_pane_top.svg,-1,-1,-1,-1,-1,-1
images/svg/textures/block/dark_oak_door_bottom.svg,-1,-1,-1,-1,-1,-1
images/svg/textures/block/spruce_log.svg,-1,-1,-1,-1,-1,-1
images/svg/textures/block/glowstone.svg,-1,-1,-1,-1,-1,-1
images/svg/textures/block/prismarine_bricks.svg,-1,-1,-1,-1,-1,-1
images/svg/textures/block/pumpkin_stem.svg,-1,-1,-1,-1,-1,-1
images/svg/textures/block/potted_flowering_azalea_bush_top.svg,-1,-1,-1,-1,-1,-1
images/svg/textures/block/destroy_stage_0.svg,-1,-1,-1,-1,-1,-1
images/svg/textures/block/mossy_cobblestone.svg,-1,-1,-1,-1,-1,-1
images/svg/textures/block/crimson_stem_top.svg,-1,-1,-1,-1,-1,-1
images/svg/textures/block/lava_flow.svg,-1,-1,-1,-1,-1,-1
images/svg/textures/block/magenta_wool.svg,-1,-1,-1,-1,-1,-1
images/svg/textures/block/black_concrete_powder.svg,-1,-1,-1,-1,-1,-1
images/svg/textures/block/fire_coral_block.svg,-1,-1,-1,-1,-1,-1
images/svg/textures/block/frogspawn.svg,-1,-1,-1,-1,-1,-1
images/svg/textures/block/small_dripleaf_side.svg,-1,-1,-1,-1,-1,-1
images/svg/textures/block/farmland_moist.svg,-1,-1,-1,-1,-1,-1
images/svg/textures/block/crimson_roots_pot.svg,-1,-1,-1,-1,-1,-1
images/svg/textures/block/wheat_stage6.svg,-1,-1,-1,-1,-1,-1
images/svg/textures/block/soul_fire_0.svg,-1,-1,-1,-1,-1,-1
images/svg/textures/block/stripped_oak_log.svg,-1,-1,-1,-1,-1,-1
images/svg/textures/block/beetroots_stage0.svg,-1,-1,-1,-1,-1,-1
images/svg/textures/block/pearlescent_froglight_side.svg,-1,-1,-1,-1,-1,-1
images/svg/textures/block/oak_planks.svg,-1,-1,-1,-1,-1,-1
images/svg/textures/block/mangrove_leaves.svg,-1,-1,-1,-1,-1,-1
images/svg/textures/block/turtle_egg_very_cracked.svg,-1,-1,-1,-1,-1,-1
images/svg/textures/block/dead_fire_coral_fan.svg,-1,-1,-1,-1,-1,-1
images/svg/textures/block/campfire_log_lit.svg,-1,-1,-1,-1,-1,-1
images/svg/textures/block/dark_oak_planks.svg,-1,-1,-1,-1,-1,-1
images/svg/textures/block/observer_front.svg,-1,-1,-1,-1,-1,-1
images/svg/textures/block/light_blue_candle_lit.svg,-1,-1,-1,-1,-1,-1
images/svg/textures/block/orange_shulker_box.svg,-1,-1,-1,-1,-1,-1
images/svg/textures/block/comparator_on.svg,-1,-1,-1,-1,-1,-1
images/svg/textures/block/yellow_shulker_box.svg,-1,-1,-1,-1,-1,-1
images/svg/textures/block/structure_block.svg,-1,-1,-1,-1,-1,-1
images/svg/textures/block/red_tulip.svg,-1,-1,-1,-1,-1,-1
images/svg/textures/block/beetroots_stage1.svg,-1,-1,-1,-1,-1,-1
images/svg/textures/block/ancient_debris_side.svg,-1,-1,-1,-1,-1,-1
images/svg/textures/block/bee_nest_bottom.svg,-1,-1,-1,-1,-1,-1
images/svg/textures/block/pointed_dripstone_up_base.svg,-1,-1,-1,-1,-1,-1
images/svg/textures/block/soul_fire_1.svg,-1,-1,-1,-1,-1,-1
images/svg/textures/block/wheat_stage7.svg,-1,-1,-1,-1,-1,-1
images/svg/textures/block/blue_concrete_powder.svg,-1,-1,-1,-1,-1,-1
images/svg/textures/block/light_gray_glazed_terracotta.svg,-1,-1,-1,-1,-1,-1
images/svg/textures/block/mangrove_planks.svg,-1,-1,-1,-1,-1,-1
images/svg/textures/block/light_gray_wool.svg,-1,-1,-1,-1,-1,-1
images/svg/textures/block/crafting_table_front.svg,-1,-1,-1,-1,-1,-1
images/svg/textures/block/destroy_stage_1.svg,-1,-1,-1,-1,-1,-1
images/svg/textures/block/dark_oak_leaves.svg,-1,-1,-1,-1,-1,-1
images/svg/textures/block/attached_pumpkin_stem.svg,-1,-1,-1,-1,-1,-1
images/svg/textures/block/detector_rail.svg,-1,-1,-1,-1,-1,-1
images/svg/textures/block/red_sand.svg,-1,-1,-1,-1,-1,-1
images/svg/textures/block/brown_mushroom_block.svg,-1,-1,-1,-1,-1,-1
images/svg/textures/block/warped_nylium_side.svg,-1,-1,-1,-1,-1,-1
images/svg/textures/block/oak_leaves.svg,-1,-1,-1,-1,-1,-1
images/svg/textures/block/brown_stained_glass.svg,-1,-1,-1,-1,-1,-1
images/svg/textures/block/stripped_mangrove_log_top.svg,-1,-1,-1,-1,-1,-1
images/svg/textures/block/nether_wart_block.svg,-1,-1,-1,-1,-1,-1
images/svg/textures/block/crimson_door_top.svg,-1,-1,-1,-1,-1,-1
images/svg/textures/block/nether_wart_stage2.svg,-1,-1,-1,-1,-1,-1
images/svg/textures/block/bubble_coral.svg,-1,-1,-1,-1,-1,-1
images/svg/textures/block/nether_sprouts.svg,-1,-1,-1,-1,-1,-1
images/svg/textures/block/flowering_azalea_leaves.svg,-1,-1,-1,-1,-1,-1
images/svg/textures/block/cartography_table_top.svg,-1,-1,-1,-1,-1,-1
images/svg/textures/block/soul_sand.svg,-1,-1,-1,-1,-1,-1
images/svg/textures/block/red_wool.svg,-1,-1,-1,-1,-1,-1
images/svg/textures/block/stonecutter_side.svg,-1,-1,-1,-1,-1,-1
images/svg/textures/block/acacia_door_top.svg,-1,-1,-1,-1,-1,-1
images/svg/textures/block/scaffolding_top.svg,-1,-1,-1,-1,-1,-1
images/svg/textures/block/composter_compost.svg,-1,-1,-1,-1,-1,-1
images/svg/textures/block/blue_stained_glass.svg,-1,-1,-1,-1,-1,-1
images/svg/textures/block/dropper_front.svg,-1,-1,-1,-1,-1,-1
images/svg/textures/block/pointed_dripstone_down_base.svg,-1,-1,-1,-1,-1,-1
images/svg/textures/block/purple_stained_glass_pane_top.svg,-1,-1,-1,-1,-1,-1
images/svg/textures/block/packed_ice.svg,-1,-1,-1,-1,-1,-1
images/svg/textures/block/spruce_trapdoor.svg,-1,-1,-1,-1,-1,-1
images/svg/textures/block/black_stained_glass.svg,-1,-1,-1,-1,-1,-1
images/svg/textures/block/red_terracotta.svg,-1,-1,-1,-1,-1,-1
images/svg/textures/block/redstone_block.svg,-1,-1,-1,-1,-1,-1
images/svg/textures/block/pointed_dripstone_up_middle.svg,-1,-1,-1,-1,-1,-1
images/svg/textures/block/gray_candle.svg,-1,-1,-1,-1,-1,-1
images/svg/textures/block/cut_copper.svg,-1,-1,-1,-1,-1,-1
images/svg/textures/block/tripwire.svg,-1,-1,-1,-1,-1,-1
images/svg/textures/block/cave_vines.svg,-1,-1,-1,-1,-1,-1
images/svg/textures/block/chain_command_block_back.svg,-1,-1,-1,-1,-1,-1
images/svg/textures/block/mangrove_roots_side.svg,-1,-1,-1,-1,-1,-1
images/svg/textures/block/observer_back.svg,-1,-1,-1,-1,-1,-1
images/svg/textures/block/yellow_stained_glass.svg,-1,-1,-1,-1,-1,-1
images/svg/textures/block/dead_brain_coral.svg,-1,-1,-1,-1,-1,-1
images/svg/textures/block/green_candle_lit.svg,-1,-1,-1,-1,-1,-1
images/svg/textures/block/red_mushroom_block.svg,-1,-1,-1,-1,-1,-1
images/svg/textures/block/jukebox_side.svg,-1,-1,-1,-1,-1,-1
images/svg/textures/block/polished_diorite.svg,-1,-1,-1,-1,-1,-1
images/svg/textures/block/loom_side.svg,-1,-1,-1,-1,-1,-1
images/svg/textures/block/sunflower_top.svg,-1,-1,-1,-1,-1,-1
images/svg/textures/block/nether_wart_stage1.svg,-1,-1,-1,-1,-1,-1
images/svg/textures/block/respawn_anchor_top.svg,-1,-1,-1,-1,-1,-1
images/svg/textures/block/tripwire_hook.svg,-1,-1,-1,-1,-1,-1
images/svg/textures/block/twisting_vines.svg,-1,-1,-1,-1,-1,-1
images/svg/textures/block/orange_tulip.svg,-1,-1,-1,-1,-1,-1
images/svg/textures/block/lime_terracotta.svg,-1,-1,-1,-1,-1,-1
images/svg/textures/block/brain_coral.svg,-1,-1,-1,-1,-1,-1
images/svg/textures/block/cave_vines_plant_lit.svg,-1,-1,-1,-1,-1,-1
images/svg/textures/block/blackstone_top.svg,-1,-1,-1,-1,-1,-1
images/svg/textures/block/grass_block_side.svg,-1,-1,-1,-1,-1,-1
images/svg/textures/block/orange_stained_glass_pane_top.svg,-1,-1,-1,-1,-1,-1
images/svg/textures/block/potted_azalea_bush_side.svg,-1,-1,-1,-1,-1,-1
images/svg/textures/block/lime_wool.svg,-1,-1,-1,-1,-1,-1
images/svg/textures/block/comparator.svg,-1,-1,-1,-1,-1,-1
images/svg/textures/block/piston_inner.svg,-1,-1,-1,-1,-1,-1
images/svg/textures/block/sculk_vein.svg,-1,-1,-1,-1,-1,-1
images/svg/textures/block/yellow_terracotta.svg,-1,-1,-1,-1,-1,-1
images/svg/textures/block/light_gray_stained_glass_pane_top.svg,-1,-1,-1,-1,-1,-1
images/svg/textures/block/dispenser_front.svg,-1,-1,-1,-1,-1,-1
images/svg/textures/block/shroomlight.svg,-1,-1,-1,-1,-1,-1
images/svg/textures/block/rooted_dirt.svg,-1,-1,-1,-1,-1,-1
images/svg/textures/block/exposed_cut_copper.svg,-1,-1,-1,-1,-1,-1
images/svg/textures/block/soul_campfire_log_lit.svg,-1,-1,-1,-1,-1,-1
images/svg/textures/block/crimson_trapdoor.svg,-1,-1,-1,-1,-1,-1
images/svg/textures/block/brain_coral_fan.svg,-1,-1,-1,-1,-1,-1
images/svg/textures/block/red_stained_glass.svg,-1,-1,-1,-1,-1,-1
images/svg/textures/block/nether_gold_ore.svg,-1,-1,-1,-1,-1,-1
images/svg/textures/block/structure_block_data.svg,-1,-1,-1,-1,-1,-1
images/svg/textures/block/red_glazed_terracotta.svg,-1,-1,-1,-1,-1,-1
images/svg/textures/block/mossy_stone_bricks.svg,-1,-1,-1,-1,-1,-1
images/svg/textures/block/diamond_block.svg,-1,-1,-1,-1,-1,-1
images/svg/textures/block/black_wool.svg,-1,-1,-1,-1,-1,-1
images/svg/textures/block/stonecutter_saw.svg,-1,-1,-1,-1,-1,-1
images/svg/textures/block/deepslate_coal_ore.svg,-1,-1,-1,-1,-1,-1
images/svg/textures/block/target_top.svg,-1,-1,-1,-1,-1,-1
images/svg/textures/block/ice.svg,-1,-1,-1,-1,-1,-1
images/svg/textures/block/dark_oak_log_top.svg,-1,-1,-1,-1,-1,-1
images/svg/textures/block/white_terracotta.svg,-1,-1,-1,-1,-1,-1
images/svg/textures/block/copper_block.svg,-1,-1,-1,-1,-1,-1
images/svg/textures/block/ancient_debris_top.svg,-1,-1,-1,-1,-1,-1
images/svg/textures/block/azalea_plant.svg,-1,-1,-1,-1,-1,-1
images/svg/textures/block/attached_melon_stem.svg,-1,-1,-1,-1,-1,-1
images/svg/textures/block/gray_stained_glass.svg,-1,-1,-1,-1,-1,-1
images/svg/textures/block/dead_bush.svg,-1,-1,-1,-1,-1,-1
images/svg/textures/block/red_mushroom.svg,-1,-1,-1,-1,-1,-1
images/svg/textures/block/light_gray_concrete.svg,-1,-1,-1,-1,-1,-1
images/svg/textures/block/blue_ice.svg,-1,-1,-1,-1,-1,-1
images/svg/textures/block/powder_snow.svg,-1,-1,-1,-1,-1,-1
images/svg/textures/block/chiseled_deepslate.svg,-1,-1,-1,-1,-1,-1
images/svg/textures/block/brown_glazed_terracotta.svg,-1,-1,-1,-1,-1,-1
images/svg/textures/block/dead_horn_coral.svg,-1,-1,-1,-1,-1,-1
images/svg/textures/block/activator_rail_on.svg,-1,-1,-1,-1,-1,-1
images/svg/textures/block/blue_terracotta.svg,-1,-1,-1,-1,-1,-1
images/svg/textures/block/water_flow.svg,-1,-1,-1,-1,-1,-1
images/svg/textures/block/campfire_log.svg,-1,-1,-1,-1,-1,-1
images/svg/textures/block/smithing_table_bottom.svg,-1,-1,-1,-1,-1,-1
images/svg/textures/block/orange_candle_lit.svg,-1,-1,-1,-1,-1,-1
images/svg/textures/block/nether_wart_stage0.svg,-1,-1,-1,-1,-1,-1
images/svg/textures/block/hopper_inside.svg,-1,-1,-1,-1,-1,-1
images/svg/textures/block/red_concrete_powder.svg,-1,-1,-1,-1,-1,-1
images/svg/textures/block/sandstone_bottom.svg,-1,-1,-1,-1,-1,-1
images/svg/textures/block/anvil.svg,-1,-1,-1,-1,-1,-1
images/svg/textures/block/sculk_sensor_tendril_inactive.svg,-1,-1,-1,-1,-1,-1
images/svg/textures/block/gray_wool.svg,-1,-1,-1,-1,-1,-1
images/svg/textures/block/orange_wool.svg,-1,-1,-1,-1,-1,-1
images/svg/textures/block/pointed_dripstone_down_middle.svg,-1,-1,-1,-1,-1,-1
images/svg/textures/block/purple_candle.svg,-1,-1,-1,-1,-1,-1
images/svg/textures/block/grass_block_side_overlay.svg,-1,-1,-1,-1,-1,-1
images/svg/textures/block/target_side.svg,-1,-1,-1,-1,-1,-1
images/svg/textures/block/smoker_top.svg,-1,-1,-1,-1,-1,-1
images/svg/textures/block/birch_log_top.svg,-1,-1,-1,-1,-1,-1
images/svg/textures/block/blue_glazed_terracotta.svg,-1,-1,-1,-1,-1,-1
images/svg/textures/block/melon_stem.svg,-1,-1,-1,-1,-1,-1
images/svg/textures/block/yellow_concrete.svg,-1,-1,-1,-1,-1,-1
images/svg/textures/block/jigsaw_side.svg,-1,-1,-1,-1,-1,-1
images/svg/textures/block/repeating_command_block_back.svg,-1,-1,-1,-1,-1,-1
images/svg/textures/block/jungle_sapling.svg,-1,-1,-1,-1,-1,-1
images/svg/textures/block/green_wool.svg,-1,-1,-1,-1,-1,-1
images/svg/textures/block/green_shulker_box.svg,-1,-1,-1,-1,-1,-1
images/svg/textures/block/spruce_sapling.svg,-1,-1,-1,-1,-1,-1
images/svg/textures/block/lime_candle.svg,-1,-1,-1,-1,-1,-1
images/svg/textures/block/acacia_door_bottom.svg,-1,-1,-1,-1,-1,-1
images/svg/textures/block/magenta_stained_glass.svg,-1,-1,-1,-1,-1,-1
images/svg/textures/block/end_stone.svg,-1,-1,-1,-1,-1,-1
images/svg/textures/block/azalea_side.svg,-1,-1,-1,-1,-1,-1
images/svg/textures/block/magenta_glazed_terracotta.svg,-1,-1,-1,-1,-1,-1
images/svg/textures/block/brown_candle_lit.svg,-1,-1,-1,-1,-1,-1
images/svg/textures/block/stripped_warped_stem_top.svg,-1,-1,-1,-1,-1,-1
images/svg/textures/block/light_blue_stained_glass.svg,-1,-1,-1,-1,-1,-1
images/svg/textures/block/bubble_coral_block.svg,-1,-1,-1,-1,-1,-1
images/svg/textures/block/nether_bricks.svg,-1,-1,-1,-1,-1,-1
images/svg/textures/block/cracked_nether_bricks.svg,-1,-1,-1,-1,-1,-1
images/svg/textures/block/jungle_trapdoor.svg,-1,-1,-1,-1,-1,-1
images/svg/textures/block/green_glazed_terracotta.svg,-1,-1,-1,-1,-1,-1
images/svg/textures/block/iron_door_top.svg,-1,-1,-1,-1,-1,-1
images/svg/textures/block/lectern_top.svg,-1,-1,-1,-1,-1,-1
images/svg/textures/block/podzol_top.svg,-1,-1,-1,-1,-1,-1
images/svg/textures/block/emerald_ore.svg,-1,-1,-1,-1,-1,-1
images/svg/textures/block/large_fern_bottom.svg,-1,-1,-1,-1,-1,-1
images/svg/textures/block/grass_block_snow.svg,-1,-1,-1,-1,-1,-1
images/svg/textures/block/mangrove_propagule_hanging.svg,-1,-1,-1,-1,-1,-1
images/svg/textures/block/composter_side.svg,-1,-1,-1,-1,-1,-1
images/svg/textures/block/polished_basalt_top.svg,-1,-1,-1,-1,-1,-1
images/svg/textures/block/oxidized_copper.svg,-1,-1,-1,-1,-1,-1
images/svg/textures/block/dead_bubble_coral_block.svg,-1,-1,-1,-1,-1,-1
images/svg/textures/block/deepslate_iron_ore.svg,-1,-1,-1,-1,-1,-1
images/svg/textures/block/piston_top_sticky.svg,-1,-1,-1,-1,-1,-1
images/svg/textures/block/mangrove_roots_top.svg,-1,-1,-1,-1,-1,-1
images/svg/textures/block/light_gray_terracotta.svg,-1,-1,-1,-1,-1,-1
images/svg/textures/block/iron_block.svg,-1,-1,-1,-1,-1,-1
images/svg/textures/block/spore_blossom.svg,-1,-1,-1,-1,-1,-1
images/svg/textures/block/weeping_vines_plant.svg,-1,-1,-1,-1,-1,-1
images/svg/textures/block/kelp_plant.svg,-1,-1,-1,-1,-1,-1
images/svg/textures/block/brewing_stand.svg,-1,-1,-1,-1,-1,-1
images/svg/textures/block/redstone_dust_line1.svg,-1,-1,-1,-1,-1,-1
images/svg/textures/block/stone.svg,-1,-1,-1,-1,-1,-1
images/svg/textures/block/pink_concrete.svg,-1,-1,-1,-1,-1,-1
images/svg/textures/block/acacia_log.svg,-1,-1,-1,-1,-1,-1
images/svg/textures/block/deepslate_redstone_ore.svg,-1,-1,-1,-1,-1,-1
images/svg/textures/block/seagrass.svg,-1,-1,-1,-1,-1,-1
images/svg/textures/block/grass.svg,-1,-1,-1,-1,-1,-1
images/svg/textures/block/stripped_crimson_stem.svg,-1,-1,-1,-1,-1,-1
images/svg/textures/block/deepslate_emerald_ore.svg,-1,-1,-1,-1,-1,-1
images/svg/textures/block/potted_flowering_azalea_bush_plant.svg,-1,-1,-1,-1,-1,-1
images/svg/textures/block/sculk_shrieker_top.svg,-1,-1,-1,-1,-1,-1
images/svg/textures/block/light_gray_stained_glass.svg,-1,-1,-1,-1,-1,-1
images/svg/textures/block/red_shulker_box.svg,-1,-1,-1,-1,-1,-1
images/svg/textures/block/dead_tube_coral_fan.svg,-1,-1,-1,-1,-1,-1
images/svg/textures/block/cactus_bottom.svg,-1,-1,-1,-1,-1,-1
images/svg/textures/block/black_glazed_terracotta.svg,-1,-1,-1,-1,-1,-1
images/svg/textures/block/brown_shulker_box.svg,-1,-1,-1,-1,-1,-1
images/svg/textures/block/carved_pumpkin.svg,-1,-1,-1,-1,-1,-1
images/svg/textures/block/powered_rail.svg,-1,-1,-1,-1,-1,-1
images/svg/textures/block/dead_tube_coral.svg,-1,-1,-1,-1,-1,-1
images/svg/textures/block/blue_shulker_box.svg,-1,-1,-1,-1,-1,-1
images/svg/textures/block/oak_trapdoor.svg,-1,-1,-1,-1,-1,-1
images/svg/textures/block/cyan_concrete_powder.svg,-1,-1,-1,-1,-1,-1
images/svg/textures/block/pink_shulker_box.svg,-1,-1,-1,-1,-1,-1
images/svg/textures/block/gold_ore.svg,-1,-1,-1,-1,-1,-1
images/svg/textures/block/red_sandstone.svg,-1,-1,-1,-1,-1,-1
images/svg/textures/block/big_dripleaf_side.svg,-1,-1,-1,-1,-1,-1
images/svg/textures/block/chiseled_sandstone.svg,-1,-1,-1,-1,-1,-1
images/svg/textures/block/lava_still.svg,-1,-1,-1,-1,-1,-1
images/svg/textures/block/purple_stained_glass.svg,-1,-1,-1,-1,-1,-1
images/svg/textures/block/bell_bottom.svg,-1,-1,-1,-1,-1,-1
images/svg/textures/block/hopper_outside.svg,-1,-1,-1,-1,-1,-1
images/svg/textures/block/white_shulker_box.svg,-1,-1,-1,-1,-1,-1
images/svg/textures/block/jukebox_top.svg,-1,-1,-1,-1,-1,-1
images/svg/textures/block/small_dripleaf_stem_bottom.svg,-1,-1,-1,-1,-1,-1
images/svg/textures/block/gray_glazed_terracotta.svg,-1,-1,-1,-1,-1,-1
images/svg/textures/block/cobweb.svg,-1,-1,-1,-1,-1,-1
images/svg/textures/block/stripped_dark_oak_log.svg,-1,-1,-1,-1,-1,-1
images/svg/textures/block/andesite.svg,-1,-1,-1,-1,-1,-1
images/svg/textures/block/redstone_dust_line0.svg,-1,-1,-1,-1,-1,-1
images/svg/textures/block/dead_bubble_coral_fan.svg,-1,-1,-1,-1,-1,-1
images/svg/textures/block/grindstone_pivot.svg,-1,-1,-1,-1,-1,-1
images/svg/textures/block/jigsaw_bottom.svg,-1,-1,-1,-1,-1,-1
images/svg/textures/block/soul_lantern.svg,-1,-1,-1,-1,-1,-1
images/svg/textures/block/pink_concrete_powder.svg,-1,-1,-1,-1,-1,-1
images/svg/textures/block/cauldron_bottom.svg,-1,-1,-1,-1,-1,-1
images/svg/textures/block/gray_shulker_box.svg,-1,-1,-1,-1,-1,-1
images/svg/textures/block/command_block_side.svg,-1,-1,-1,-1,-1,-1
images/svg/textures/block/potted_azalea_bush_top.svg,-1,-1,-1,-1,-1,-1
